ilce_adi;mahalle_adi;sulak_alan_miktari
Ahırlı;ALİÇERÇİ;10%
Ahırlı;BADEMLİ;10%
Ahırlı;BALIKLAVA;20%
Ahırlı;BÜYÜKÖZ;5%
Ahırlı;ÇİFTLİK;75%
Ahırlı;ERDOĞAN;50%
Ahırlı;KARACAKUYU;20%
Ahırlı;KAYACIK;30%
Ahırlı;KURUÇAY;10%
Ahırlı;KÜÇÜKÖZ;0%
Akören;AVDAN;0%
Akören;KAYASU;45%
Akören;AHMEDİYE;40%
Akören;ALAN;0%
Akören;BELKUYU;5%
Akören;ÇATÖREN;60%
Akören;DUTLU;0%
Akören;ORHANİYE;50%
Akören;SÜLEYMANİYE;70%
Akören;TÜLCE;20%
Akören;KARAHÜYÜK;35%
Akşehir;ÇAKILLAR;30%
Akşehir;GEDİL;30%
Akşehir;KARAHÜYÜK;50%
Akşehir;ADSIZ;50%
Akşehir;ALANYURT;65%
Akşehir;ALTUNTAŞ;10%
Akşehir;ATAKENT;90%
Akşehir;BOZLAĞAN;50%
Akşehir;CANKURTARAN;65%
Akşehir;ÇAMLI;60%
Akşehir;ÇİMENDERE;30%
Akşehir;DEĞİRMENKÖY;70%
Akşehir;DOĞRUGÖZ;70%
Akşehir;ENGİLİ;80%
Akşehir;GÖLÇAYIR;40%
Akşehir;GÖZPINARI;25%
Akşehir;ILICAK;60%
Akşehir;KARABULUT;5%
Akşehir;ORTACA;5%
Akşehir;ORTAKÖY;20%
Akşehir;REİS;20%
Akşehir;SAVAŞ;30%
Akşehir;SORKUN;5%
Akşehir;SÖĞÜTLÜ;100%
Akşehir;TEKKE;0%
Akşehir;TİPİKÖY;30%
Akşehir;ULUPINAR;50%
Akşehir;ÜÇHÜYÜK;20%
Akşehir;YAŞARLAR;50%
Akşehir;YAYLABELEN;30%
Akşehir;YAZLA;40%
Akşehir;YENİKÖY;80%
Akşehir;YEŞİLKÖY;30%
Akşehir;SARAY;65%
Altınekin;OĞUZELİ;70%
Altınekin;AKCAŞAR;40%
Altınekin;AYIŞIĞI;0%
Altınekin;AKKÖY;90%
Altınekin;BORUKKUYU;80%
Altınekin;HACINUMAN;40%
Altınekin;KARAKAYA;5%
Altınekin;KOÇAŞ;5%
Altınekin;KOÇYAKA;10%
Altınekin;MANTAR;50%
Altınekin;YENİÖLMEZ;90%
Altınekin;SARNIÇ;60%
Altınekin;TOPRAKLIK;90%
Altınekin;YENİKUYU;80%
Altınekin;YENİYAYLA;80%
Altınekin;DEDELER;30%
Altınekin;AKINCILAR;70%
Beyşehir;ADAKÖY;60%
Beyşehir;AĞILÖNÜ;5%
Beyşehir;AKBURUN;70%
Beyşehir;AKÇABELEN;30%
Beyşehir;AVDANCIK;40%
Beyşehir;BADEMLİ;0%
Beyşehir;BAYAT;30%
Beyşehir;BAYAVŞAR;40%
Beyşehir;BAYINDIR;15%
Beyşehir;BAŞGÖZE;20%
Beyşehir;BEKDEMİR;60%
Beyşehir;DAMLAPINAR;40%
Beyşehir;DOĞANBEY;40%
Beyşehir;DOĞANCIK;40%
Beyşehir;DUMANLI;50%
Beyşehir;EMEN;30%
Beyşehir;ESENCE;50%
Beyşehir;EYLİKLER;30%
Beyşehir;EĞİRLER;50%
Beyşehir;FASILLAR;20%
Beyşehir;GÖKÇEKUYU;20%
Beyşehir;GÖKÇİMEN;5%
Beyşehir;GÖLKAŞI;60%
Beyşehir;GÖLYAKA;10%
Beyşehir;GÖNEN;2%
Beyşehir;GÖÇÜ;60%
Beyşehir;GÜNDOĞDU;20%
Beyşehir;HUĞLU;20%
Beyşehir;HÜSEYİNLER;2%
Beyşehir;İSAKÖY;20%
Beyşehir;KARAALİ;40%
Beyşehir;KARABAYAT;35%
Beyşehir;KARADİKEN;40%
Beyşehir;KARAHİSAR;65%
Beyşehir;KAYABAŞI;2%
Beyşehir;KURUCUOVA;40%
Beyşehir;KUŞLUCA;20%
Beyşehir;KÜÇÜKAVŞAR;5%
Beyşehir;MESUTLAR;65%
Beyşehir;SADIKHACI;20%
Beyşehir;SARIKÖY;10%
Beyşehir;SEVİNDİK;30%
Beyşehir;ŞAMLAR;10%
Beyşehir;ÜÇPINAR;10%
Beyşehir;ÜSTÜNLER;40%
Beyşehir;ÜZÜMLÜ;25%
Beyşehir;YAZYURDU;5%
Beyşehir;YENİDOĞAN;50%
Beyşehir;YEŞİLDAĞ;45%
Beyşehir;YUKARIESENCE;45%
Beyşehir;YUNUSLAR;10%
Beyşehir;ÇİFTLİK;35%
Beyşehir;ÇİVRİL;10%
Beyşehir;ÇUKURAĞIL;45%
Bozkır;ÇAĞLAYAN;15%
Bozkır;HAMZALAR;30%
Bozkır;AKÇAPINAR;10%
Bozkır;ARMUTLU;20%
Bozkır;ARSLANTAŞ;0%
Bozkır;AYDINKIŞLA;10%
Bozkır;AYVALCA;25%
Bozkır;BAĞYURDU;10%
Bozkır;BAYBAĞAN;30%
Bozkır;BOZDAM;20%
Bozkır;DEREİÇİ;50%
Bozkır;DEREKÖY;10%
Bozkır;ELMAAĞAÇ;5%
Bozkır;HACILAR;15%
Bozkır;HACIYUNUSLAR;10%
Bozkır;HARMANPINAR;10%
Bozkır;HİSARLIK;10%
Bozkır;IŞIKLAR;15%
Bozkır;KARABAYIR;35%
Bozkır;KARACAARDIÇ;10%
Bozkır;KARACAHİSAR;70%
Bozkır;KARAYAHYA;0%
Bozkır;KAYACILAR;0%
Bozkır;KAYAPINAR;30%
Bozkır;KINIK;10%
Bozkır;KIZILÇAKIR;0%
Bozkır;KİLDERE;5%
Bozkır;KOVANLIK;35%
Bozkır;KOZAĞAÇ;60%
Bozkır;KUŞÇA;0%
Bozkır;KÜÇÜKHİSARLIK;5%
Bozkır;PINARCIK;15%
Bozkır;SARIOĞLAN;10%
Bozkır;SAZLI;10%
Bozkır;SOĞUCAK;20%
Bozkır;SORKUN;10%
Bozkır;SÖĞÜT;25%
Bozkır;TARLABAŞI;10%
Bozkır;TAŞBAŞI;0%
Bozkır;TEPEARASI;30%
Bozkır;TEPELİCE;5%
Bozkır;ULUPINAR;20%
Bozkır;ÜÇPINAR;25%
Bozkır;YALNIZCA;5%
Bozkır;YAZDAMI;10%
Bozkır;YELBEYİ;10%
Bozkır;YENİKÖY;20%
Bozkır;YOLÖREN;20%
Çeltik;GÖKPINAR;30%
Çeltik;ADAKASIM;35%
Çeltik;DOĞANYURT;25%
Çeltik;KAŞÖREN;60%
Çeltik;KÜÇÜKHASAN;60%
Çeltik;TORUNLAR;70%
Çeltik;İSHAKUŞAĞI;70%
Çeltik;HONAMLI;60%
Cihanbeyli;BÖĞRÜDELİK;50%
Cihanbeyli;YAPALI;35%
Cihanbeyli;YENİCEOBA;70%
Cihanbeyli;CUMHURİYET;0%
Cihanbeyli;GEMECİK;20%
Cihanbeyli;GÖKTEPE;5%
Cihanbeyli;AĞABEYLİ;30%
Cihanbeyli;HODOĞLU;0%
Cihanbeyli;KAYI;20%
Cihanbeyli;KIRKIŞLA;40%
Cihanbeyli;KORKMAZLAR;10%
Cihanbeyli;KÜÇÜKBEŞKAVAK;5%
Cihanbeyli;MUTLUKONAK;10%
Cihanbeyli;SAĞLIK;0%
Cihanbeyli;SIĞIRCIK;5%
Cihanbeyli;TURANLAR;0%
Cihanbeyli;TÜFEKÇİPINAR;25%
Cihanbeyli;UZUNCAYAYLA;10%
Cihanbeyli;YÜNLÜKUYU;0%
Cihanbeyli;ZAFERİYE;35%
Cihanbeyli;GÖLYAZI;15%
Cihanbeyli;GÜNYÜZÜ;60%
Cihanbeyli;İNSUYU;40%
Cihanbeyli;KANDİL;10%
Cihanbeyli;KARABAĞ;0%
Cihanbeyli;KELHASAN;10%
Cihanbeyli;KUŞCA;20%
Cihanbeyli;KÜTÜKUŞAĞI;15%
Cihanbeyli;TAŞPINAR;70%
Cihanbeyli;BEYLİOVA;40%
Cihanbeyli;ÇİMEN;10%
Cihanbeyli;ÇÖL;15%
Cihanbeyli;DAMLAKUYU;10%
Cihanbeyli;BULDUK;0%
Cihanbeyli;BÜYÜKBEŞKAVAK;0%
Cihanbeyli;KARATEPE;0%
Çumra;ARIKÖREN;70%
Çumra;DEDEMOĞLU;60%
Çumra;TÜRKMENCAMİLİ;70%
Çumra;A.B.HÜYÜĞÜ;70%
Çumra;DİNEK;50%
Çumra;İÇERİÇUMRA;70%
Çumra;GÜVERCİNLİK;80%
Çumra;KARKIN;95%
Çumra;OKÇU;100%
Çumra;YENİSU;70%
Çumra;APA;80%
Çumra;ABDİTOLU;80%
Çumra;ADAKALE;35%
Çumra;ALEMDAR;95%
Çumra;APASARAYCIK;35%
Çumra;AFŞAR;0%
Çumra;AVDUL;70%
Çumra;BALÇIKHİSAR;20%
Çumra;BEYLERCE;80%
Çumra;B.AŞLAMA;80%
Çumra;CİCEK;10%
Çumra;ÇUKURKAVAK;10%
Çumra;DİNLENDİK;95%
Çumra;DİNEKSARAY;50%
Çumra;DOĞANLI;95%
Çumra;FETHİYE;95%
Çumra;GÖKHÜYÜK;30%
Çumra;ERENTEPE;95%
Çumra;İNLİ;80%
Çumra;KUZUCU;35%
Çumra;KÜÇÜKKÖY;95%
Çumra;SEÇME;30%
Çumra;SÜRGÜÇ;80%
Çumra;TAHTALI;10%
Çumra;T.KARAHÜYÜK;95%
Çumra;TAŞAĞIL;100%
Çumra;UZUNKUYU;70%
Çumra;ÜÇHÜYÜK;10%
Çumra;ÜRÜNLÜ;95%
Çumra;YÖRÜKCAMİLİ;10%
Çumra;ÇAYBAŞI;60%
Derbent;ÇİFTLİKÖZÜ;25%
Derbent;DEĞİŞ;0%
Derbent;TEKKE;10%
Derbent;GÜNEYKÖY;25%
Derbent;MÜLAYİM;0%
Derbent;SARAYPINAR;10%
Derbent;YASSIÖREN;20%
Derbent;SÜLEYMAN;20%
Derbent;KARALAR;60%
Derebucak;ÇAMLIK;5%
Derebucak;DURAK;0%
Derebucak;GENCEK;50%
Derebucak;GÖYNEM;50%
Derebucak;PINARBAŞI;70%
Derebucak;TAŞLIPINAR;10%
Derebucak;TEPEARASI;10%
Derebucak;UĞURLU;10%
Doğanhisar;BAŞKÖY;25%
Doğanhisar;YAZLICA;15%
Doğanhisar;AYASLAR;40%
Doğanhisar;ÇINAROBA;40%
Doğanhisar;DEŞTİĞİN;40%
Doğanhisar;FIRINLI;50%
Doğanhisar;GÜVENDİK;30%
Doğanhisar;İLYASLAR;25%
Doğanhisar;KARAAĞA;50%
Doğanhisar;KEMER;0%
Doğanhisar;KOÇAŞ;5%
Doğanhisar;KONAKKALE;50%
Doğanhisar;TEKKE;40%
Doğanhisar;UNCULAR;50%
Doğanhisar;YAZIR;15%
Doğanhisar;YENİCE;60%
Emirgazi;EKİZLİ;5%
Emirgazi;AKMESCİT;25%
Emirgazi;BESCİ;20%
Emirgazi;DEMİRCİ;30%
Emirgazi;GÖLÖREN;20%
Emirgazi;IŞIKLAR;30%
Emirgazi;KARAÖREN;10%
Emirgazi;MEŞELİ;20%
Emirgazi;ÖBEKTAŞ;0%
Emirgazi;YAMAÇ;20%
Ereğli;ZENGEN;70%
Ereğli;ACIPINAR;90%
Ereğli;ADABAĞ;30%
Ereğli;AKHÜYÜK;80%
Ereğli;ALHAN;60%
Ereğli;AŞAĞI GÖNDELEN;95%
Ereğli;AŞIKLAR;80%
Ereğli;AZİZİYE;40%
Ereğli;BAHÇELİ;80%
Ereğli;BELCEAĞAÇ;70%
Ereğli;BELKAYA;30%
Ereğli;BEYKÖY;35%
Ereğli;BEYÖREN;60%
Ereğli;BULGURLUK;35%
Ereğli;BURHANİYE;50%
Ereğli;BÜYÜKDEDE;30%
Ereğli;ÇAKMAK;40%
Ereğli;ÇAYHAN;40%
Ereğli;ÇİLLER;90%
Ereğli;ÇİMENCİK;95%
Ereğli;GAYBİ;60%
Ereğli;GÖKÇEYAZI;40%
Ereğli;GÖKTÖME;95%
Ereğli;HACIMEMİŞ;80%
Ereğli;KAMIŞLIKUYU;40%
Ereğli;KARABURUN;80%
Ereğli;KARGACI;80%
Ereğli;KIZILGEDİK;0%
Ereğli;KUSKUNCUK;60%
Ereğli;KUTÖREN;20%
Ereğli;KUZUKUYU;40%
Ereğli;MELİCEK;95%
Ereğli;ORHANİYE;30%
Ereğli;ÖZGÜRLER;95%
Ereğli;PINARÖZÜ;95%
Ereğli;SARICA;95%
Ereğli;SARITOPALLI;95%
Ereğli;SELVİLİ;70%
Ereğli;TAŞAĞIL;50%
Ereğli;TAŞBUDAK;40%
Ereğli;TATLIKUYU;30%
Ereğli;TÜRKMEN;25%
Ereğli;ULUMEŞE;90%
Ereğli;YAZLIK;90%
Ereğli;YELLİCE;10%
Ereğli;YENİKÖY;80%
Ereğli;YILDIZLI;60%
Ereğli;YUKARIGÖNDELEN;95%
Ereğli;HORTU;35%
Ereğli;ACIKUYU;50%
Güneysınır;GÜRAĞAÇ;0%
Güneysınır;AĞAÇOBA;35%
Güneysınır;ALANÖZÜ;50%
Güneysınır;AVCITEPE;10%
Güneysınır;AYDOĞMUŞ;0%
Güneysınır;HABİLLER;20%
Güneysınır;KARAGÜNEY;40%
Güneysınır;KAYAAĞZI;25%
Güneysınır;KIZILÖZ;10%
Güneysınır;KURUKAVAK;10%
Güneysınır;MEHMET ALİ;40%
Güneysınır;ÖMEROĞLU;25%
Güneysınır;ÖRENBOYALI;40%
Güneysınır;SARIHACI;50%
Hadim;AŞAĞIEŞENLER;20%
Hadim;AŞAĞIKIZILKAYA;10%
Hadim;BADEMLİ;30%
Hadim;BAĞBAŞI;30%
Hadim;BEYRELİ;60%
Hadim;BOLAT;30%
Hadim;ÇİFTEPINAR;500%
Hadim;DEDEMLİ;20%
Hadim;DÜLGERLER;30%
Hadim;FAKILAR;10%
Hadim;GAZİLER;45%
Hadim;GÖYNÜKKIŞLA;40%
Hadim;GÜLPINAR;60%
Hadim;İĞDEÖREN;0%
Hadim;KALINAĞIL;10%
Hadim;KAPLANLI;25%
Hadim;GEZLEVİ;20%
Hadim;KÜPLÜCE;30%
Hadim;ODUNCU;20%
Hadim;SARNIÇ;15%
Hadim;SELAHATTİN;30%
Hadim;UMURLAR;10%
Hadim;YAĞCI;60%
Hadim;YALINÇEVRE;40%
Hadim;YELMEZ;20%
Hadim;YENİKONAK;5%
Hadim;YUKARIEŞENLER;10%
Halkapınar;İVRİZ;40%
Halkapınar;BÜYÜKDOĞAN;35%
Halkapınar;DEDELİ;25%
Halkapınar;DELİMAHMUTLU;60%
Halkapınar;ESKİHİSAR;35%
Halkapınar;KARAYUSUFLU;50%
Halkapınar;KAYASARAY;50%
Halkapınar;KÖRLÜ;50%
Halkapınar;KÜSERE;50%
Halkapınar;OSMANKÖSELİ;30%
Halkapınar;SEYDİFAKILI;10%
Halkapınar;YASSIKAYA;70%
Halkapınar;YAYIKLI;45%
Halkapınar;YEŞİLYURT;20%
Halkapınar;ÇAKILLAR;10%
Hüyük;BAŞLAMIŞ;50%
Hüyük;BUDAK;90%
Hüyük;BURUNSUZ;20%
Hüyük;ÇAMLICA;20%
Hüyük;ÇAVUŞ;35%
Hüyük;ÇUKURKENT;30%
Hüyük;DEĞİRMENALTI;30%
Hüyük;GÖÇERİ;80%
Hüyük;GÖRÜNMEZ;10%
Hüyük;İLMEN;70%
Hüyük;İMRENLER;25%
Hüyük;KIRELİ;30%
Hüyük;KÖŞK;20%
Hüyük;MUTLU;70%
Hüyük;PINARBAŞI;30%
Hüyük;SELKİ;70%
Hüyük;SULUDERE;70%
Hüyük;TOLCA;30%
Hüyük;YENİCE;40%
Ilgın;ARGITHANI;25%
Ilgın;BEYKONAK;60%
Ilgın;ÇAVUŞÇUGÖL;70%
Ilgın;AĞALAR;40%
Ilgın;BALKI;20%
Ilgın;BARAKMUSLU;0%
Ilgın;BELEKLER;20%
Ilgın;BOĞAZKENT;70%
Ilgın;BULCUK;60%
Ilgın;BÜYÜKOBA;60%
Ilgın;ÇİĞİL;25%
Ilgın;ÇATAK;0%
Ilgın;ÇOBANKAYA;0%
Ilgın;ÇÖMLEKCİ;0%
Ilgın;DEREKÖY;0%
Ilgın;DIĞRAK;0%
Ilgın;DÜĞER;5%
Ilgın;ELDEŞ;50%
Ilgın;GEÇİT;10%
Ilgın;GEDİKÖREN;10%
Ilgın;GÖSTERE;30%
Ilgın;GÖKÇEYURT;20%
Ilgın;GÖLYAKA;10%
Ilgın;GÖKBUDAK;10%
Ilgın;GÜNEYPINAR;40%
Ilgın;HARMANYAZI;20%
Ilgın;İHSANİYE;30%
Ilgın;KAPAKLI;30%
Ilgın;KARAKÖY;40%
Ilgın;KALEKÖY;10%
Ilgın;MAHMUTHİSAR;50%
Ilgın;MECİDİYE;30%
Ilgın;MİSAFİRLİ;10%
Ilgın;OLUKPINAR;50%
Ilgın;ORHANİYE;60%
Ilgın;ORMANÖZÜ;70%
Ilgın;SADIKKÖY;70%
Ilgın;SEBİLLER;20%
Ilgın;TEKELER;0%
Ilgın;YUKARIÇİĞİL;40%
Ilgın;YORAZLAR;40%
Ilgın;ZAFERİYE;25%
Ilgın;AVDAN;10%
Kadınhanı;OSMANCIK;70%
Kadınhanı;AFŞARLI;10%
Kadınhanı;ALABAĞ;20%
Kadınhanı;ATLANTI;40%
Kadınhanı;BAKIRPINAR;20%
Kadınhanı;BAŞKUYU;40%
Kadınhanı;BAYRAMLI;70%
Kadınhanı;BEYKAVAĞI;50%
Kadınhanı;BULGURPINAR;10%
Kadınhanı;ÇAVDAR;20%
Kadınhanı;ÇEŞMECİK;0%
Kadınhanı;ÇUBUK;0%
Kadınhanı;DEMİROLUK;10%
Kadınhanı;HACIMEHMETLİ;25%
Kadınhanı;HACIOFLAZLAR;20%
Kadınhanı;HACIPİRLİ;30%
Kadınhanı;KABACALI;0%
Kadınhanı;KAMIŞLIÖZÜ;35%
Kadınhanı;KARAHİSARLI;10%
Kadınhanı;KARAKURTLU;10%
Kadınhanı;KARASEVİNÇ;0%
Kadınhanı;KARAYÜRÜKLÜ;15%
Kadınhanı;KIZILKUYU;5%
Kadınhanı;KOLUKISA;50%
Kadınhanı;KONURÖREN;5%
Kadınhanı;KÖKEZ;30%
Kadınhanı;KÖYLÜTOLU;5%
Kadınhanı;KURTHASANLI;5%
Kadınhanı;KÜÇÜKKUYU;20%
Kadınhanı;MAHMUDİYE;35%
Kadınhanı;MEYDANLI;10%
Kadınhanı;ÖRNEK;5%
Kadınhanı;PİRALİ;0%
Kadınhanı;PUSAT;25%
Kadınhanı;SAÇIKARA;10%
Kadınhanı;SARIKAYA;0%
Kadınhanı;SÖĞÜTÖZÜ;10%
Kadınhanı;ŞAHÖREN;10%
Kadınhanı;TOSUNOĞLU;10%
Kadınhanı;YAĞLICA;0%
Kadınhanı;YAYLAYAKA;40%
Karapınar;HOTAMIŞ;80%
Karapınar;KESMEZ;80%
Karapınar;AKÇAYAZI;10%
Karapınar;AKÖREN;80%
Karapınar;ÇİĞİL;70%
Karapınar;HASANOBA;80%
Karapınar;İSLİK;70%
Karapınar;KARAKIŞLA;50%
Karapınar;KAYACIK;85%
Karapınar;KAYALI;30%
Karapınar;KAZANHÜYÜĞÜ;80%
Karapınar;KÜÇÜKAŞLAMA;60%
Karapınar;ORTAOBA;90%
Karapınar;OYMALI;65%
Karapınar;SAZLIPINAR;95%
Karapınar;YAĞMAPINAR;35%
Karapınar;YENİKUYU;40%
Karapınar;YEŞİLYURT;20%
Karatay;YARMA;80%
Karatay;ACIDORT;60%
Karatay;AĞSAKLI;65%
Karatay;AKBAŞ;20%
Karatay;AKÖRENKIŞLA;50%
Karatay;BAKIRTOLU;80%
Karatay;BAŞGÖTÜREN;90%
Karatay;BEŞAĞIL;85%
Karatay;BÜYÜKBURNAK;90%
Karatay;ÇENGİLTİ;70%
Karatay;DİVANLAR;0%
Karatay;ESENTEPE;90%
Karatay;GÖÇÜ;50%
Karatay;HAYIROĞLU MERKEZ;60%
Karatay;İPEKLER;30%
Karatay;İSMİL;80%
Karatay;KARADONA;10%
Karatay;KARAKAYA;0%
Karatay;KATRANCI;45%
Karatay;KIZÖREN;60%
Karatay;KÖSEALİ;90%
Karatay;OBRUK;90%
Karatay;OVAKAVAĞI;95%
Karatay;SAKYATAN;80%
Karatay;SÜRÜÇ;85%
Karatay;ŞATIR;90%
Karatay;YAĞLIBAYAT;10%
Karatay;YAVŞANKUYU;90%
Karatay;YENİCE;20%
Karatay;YENİKENT;70%
Karatay;ZİNCİRLİ;10%
Kulu;ACIKUYU;5%
Kulu;AĞILBAŞI;40%
Kulu;ALTILAR;10%
Kulu;ARŞINCA;5%
Kulu;BEŞKARDEŞ;0%
Kulu;BOĞAZÖREN;0%
Kulu;BOZAN;40%
Kulu;BURUNAĞIL;10%
Kulu;CANIMANA;10%
Kulu;CELEP;5%
Kulu;DİPDEDE;0%
Kulu;DOĞUTEPE;60%
Kulu;FEVZİYE;20%
Kulu;GÖKLER;0%
Kulu;GÜZELYAYLA;5%
Kulu;HİSAR;0%
Kulu;KARACADAĞ;10%
Kulu;KARACADERE;0%
Kulu;KIRKKUYU;0%
Kulu;KIRKPINAR;0%
Kulu;KOZANLI;20%
Kulu;KÖMÜŞİNİ;0%
Kulu;KÖŞKER;0%
Kulu;SARIYAYLA;60%
Kulu;SEYİTAHMETLİ;20%
Kulu;SOĞUKKUYU;10%
Kulu;ŞEREFLİ;15%
Kulu;TAVLIÖREN;25%
Kulu;ÖMERANLI;10%
Kulu;TUZYAKA;25%
Kulu;YARAŞLI;0%
Kulu;YAZIÇAYIR;0%
Kulu;YEŞİLTEPE;15%
Kulu;YEŞİLYURT;20%
Kulu;ZİNCİRLİKUYU;20%
Kulu;BAHADIRLI;30%
Kulu;DEĞİRMENÖZÜ;20%
Meram;ERENKAYA;0%
Meram;YATAĞAN;2%
Meram;GÖKYURT;30%
Meram;BAYAT;10%
Meram;BORUKTOLU;60%
Meram;BOTSA;30%
Meram;ÇAYIRBAĞI;30%
Meram;ÇOMAKLAR;25%
Meram;ÇUKURÇİMEN;25%
Meram;EVLİYATEKKE;80%
Meram;HATUNSARAY;80%
Meram;İKİPINAR;30%
Meram;İLYASBABA;30%
Meram;İNLİCE;25%
Meram;KARAAĞAÇ;0%
Meram;KAVAK;30%
Meram;KAYADİBİ;50%
Meram;KAYALI;20%
Meram;KAYHÜYÜK;20%
Meram;KIZILÖREN;35%
Meram;KUMRALI;10%
Meram;SADIKLAR;20%
Meram;SAĞLIK;25%
Meram;SARIKIZ;0%
Meram;SEFAKÖY;30%
Meram;YEŞİLDERE;30%
Meram;YEŞİLTEKKE;15%
Meram;KAŞINHANI;70%
Sarayönü;LADİK;5%
Sarayönü;BAHÇESARAY;10%
Sarayönü;BAŞHÜYÜK;10%
Sarayönü;BOYALI;10%
Sarayönü;BÜYÜKZENGİ;20%
Sarayönü;ÇEŞMELİSEBİL;30%
Sarayönü;DEĞİRMENLİ;30%
Sarayönü;ERTUĞRUL;10%
Sarayönü;GÖZLÜ;25%
Sarayönü;KADIOĞLU;5%
Sarayönü;KARABIYIK;0%
Sarayönü;KARATEPE;20%
Sarayönü;KAYIÖREN;10%
Sarayönü;KONAR;10%
Sarayönü;KURŞUNLU;0%
Sarayönü;KUYULUSEBİL;70%
Sarayönü;ÖZKENT;40%
Sarayönü;YENİCEKAYA;80%
Selçuklu;BAŞARAKAVAK;30%
Selçuklu;hasan;%
Selçuklu;SARAYKÖY;0%
Selçuklu;SULUTAS;0%
Selçuklu;TATKÖY;0%
Selçuklu;AKPINAR;20%
Selçuklu;BAĞRIKURT;0%
Selçuklu;BİÇER;0%
Selçuklu;ÇALDERE;25%
Selçuklu;ÇALTI;10%
Selçuklu;ÇANDIR;0%
Selçuklu;DAĞDERE;10%
Selçuklu;EĞRİBAYAT;60%
Selçuklu;GÜVENÇ;50%
Selçuklu;KALE;10%
Selçuklu;KARAÖMERLER;50%
Selçuklu;KERVAN;0%
Selçuklu;KINIK;0%
Selçuklu;KIZILCAKUYU;0%
Selçuklu;MEYDAN;0%
Selçuklu;SELAHATTİN;5%
Selçuklu;SIZMA;5%
Selçuklu;TEPEKENT;25%
Selçuklu;ULUMUHSİNE;20%
Selçuklu;YAZIBELEN;50%
Selçuklu;SİLLE;50%
Selçuklu;ARDIÇLI;50%
Selçuklu;AŞAĞIPINARBAŞI;15%
Selçuklu;YUKARIPINARBAŞI;20%
Selçuklu;KÜÇÜKMUHSİNE;50%
Selçuklu;SARICALAR;60%
Selçuklu;TÖMEK;35%
Selçuklu;YÜKSELEN;30%
Selçuklu;Mehmet Fatih;%
Seydişehir;KESECİK;40%
Seydişehir;AKÇALAR;20%
Seydişehir;AŞAĞIKARAÖREN;75%
Seydişehir;BAŞKARAÖREN;75%
Seydişehir;BOSTANDERE;45%
Seydişehir;BOYALI;50%
Seydişehir;BÜKÇE;20%
Seydişehir;ÇAT;35%
Seydişehir;ÇATMAKAYA;60%
Seydişehir;ÇAVUŞ;35%
Seydişehir;DİKİLİTAŞ;25%
Seydişehir;GEVREKLİ;60%
Seydişehir;GÖKÇEHÜYÜK;40%
Seydişehir;GÖKHÜYÜK;90%
Seydişehir;GÖLYÜZÜ;60%
Seydişehir;IRMAKLI;60%
Seydişehir;İNCESU;70%
Seydişehir;KARABULAK;25%
Seydişehir;KARACAÖREN;70%
Seydişehir;KAVAK;60%
Seydişehir;KETENLİ;20%
Seydişehir;KIZILCA;80%
Seydişehir;KOZLU;20%
Seydişehir;KUMLUCA;50%
Seydişehir;KURAN;25%
Seydişehir;MADENLİ;0%
Seydişehir;MESUDİYE;50%
Seydişehir;MURADİYE;60%
Seydişehir;OĞLAKÇI;70%
Seydişehir;ORTAKARAÖREN;50%
Seydişehir;SARAYCIK;20%
Seydişehir;SUSUZ;35%
Seydişehir;TARAŞÇI;30%
Seydişehir;TAŞAĞIL;60%
Seydişehir;TEPECİK;0%
Seydişehir;TOL;80%
Seydişehir;UFACIK;0%
Seydişehir;YAYLACIK;55%
Seydişehir;YENİCE;0%
Taşkent;AFŞAR;5%
Taşkent;BALCILAR;30%
Taşkent;BOLAY;10%
Taşkent;ÇETMİ;10%
Taşkent;KECİMEN;20%
Taşkent;KONGUL;70%
Taşkent;SAZAK;30%
Taşkent;ILICAPINAR;20%
Tuzlukçu;KONARI;0%
Tuzlukçu;MEVLÜTLÜ;0%
Tuzlukçu;KORAŞI;0%
Tuzlukçu;ÇÖĞÜRLÜ;30%
Tuzlukçu;TURSUNLU;20%
Tuzlukçu;KUNDULLU;5%
Tuzlukçu;PAZARKAYA;0%
Tuzlukçu;SUBATAN;30%
Tuzlukçu;GÜRSU;20%
Tuzlukçu;ERDOĞDU;60%
Tuzlukçu;KÖKLÜCE;30%
Yalıhüyük;SARAY;0%
Yalıhüyük;ARASÖĞÜT;0%
Yunak;KUZÖREN;20%
Yunak;KOÇYAZI;10%
Yunak;TURGUT;60%
Yunak;PİRİBEYLİ;0%
Yunak;SÜLÜKLÜ;70%
Yunak;ALTINÖZ;60%
Yunak;AYRITEPE;0%
Yunak;BEŞIŞIKLI;20%
Yunak;CEBRAİL;0%
Yunak;ÇAYIRBAŞI;10%
Yunak;EĞRİKUYU;30%
Yunak;HACIÖMEROĞLU;40%
Yunak;HATIRLI;30%
Yunak;HACIFAKILI;60%
Yunak;HARUNLAR;0%
Yunak;HURSUNLU;60%
Yunak;İMAMOĞLU;10%
Yunak;KARGALI;0%
Yunak;KARAYAYLA;80%
Yunak;KILLAR;50%
Yunak;KURTUŞAĞI;0%
Yunak;KUYUBAŞI;10%
Yunak;MEŞELİK;0%
Yunak;ODABAŞI;45%
Yunak;ORTAKIŞLA;10%
Yunak;ÖZYAYLA;5%
Yunak;SERTLER;20%
Yunak;SEVİNÇ;0%
Yunak;SIRAM;0%
Yunak;SİNANLI;30%
Yunak;YAVAŞLI;50%
Yunak;YEŞİLOBA;50%
Yunak;YEŞİLYAYLA;10%
Yunak;YIĞAR;30%
Yunak;SARAY;60%
;;
