ilce_adi;mahalle_adi;talep_edilen_tarimsal_egitimler
Ahırlı;ALİÇERÇİ;HAYVANCILIK, MODERN BAĞCILIK, TARLA BİTKİLERİ YETİŞTİRİCİLİĞİ
Ahırlı;BADEMLİ;MODERN SULAMA SİSTEMLERİ, SEBZE YETİŞTİRİCİLİĞİ, MODERN MEYVECİLİK, HAYVANCILIK, TARLA BİTKİLERİ YETİŞTİRİCİLİĞİ
Ahırlı;BALIKLAVA;MODERN SULAMA SİSTEMLERİ, SEBZE YETİŞTİRİCİLİĞİ, MODERN MEYVECİLİK, HAYVANCILIK
Ahırlı;BÜYÜKÖZ;MODERN BAĞCILIK, ARI YETİŞTİRİCİLİĞİ, TARLA BİTKİLERİ YETİŞTİRİCİLİĞİ
Ahırlı;ÇİFTLİK;HAYVANCILIK
Ahırlı;ERDOĞAN;ARI YETİŞTİRİCİLİĞİ, MANTAR YETİŞTİRİCİLİĞİ
Ahırlı;KARACAKUYU;SEBZE YETİŞTİRİCİLİĞİ, MODERN MEYVECİLİK, HAYVANCILIK
Ahırlı;KAYACIK;MODERN MEYVECİLİK, HAYVANCILIK
Ahırlı;KURUÇAY;HAYVANCILIK, ARI YETİŞTİRİCİLİĞİ
Ahırlı;KÜÇÜKÖZ;MODERN MEYVECİLİK, TARLA BİTKİLERİ YETİŞTİRİCİLİĞİ
Akören;AVDAN;TARLA BİTKİLERİ YETİŞTİRİCİLİĞİ
Akören;KAYASU;SEBZE YETİŞTİRİCİLİĞİ, HAYVANCILIK, TARLA BİTKİLERİ YETİŞTİRİCİLİĞİ
Akören;AHMEDİYE;SEBZE YETİŞTİRİCİLİĞİ, HAYVANCILIK, TARLA BİTKİLERİ YETİŞTİRİCİLİĞİ
Akören;ALAN;HAYVANCILIK, TARLA BİTKİLERİ YETİŞTİRİCİLİĞİ
Akören;BELKUYU;MODERN MEYVECİLİK, HAYVANCILIK
Akören;ÇATÖREN;MODERN SULAMA SİSTEMLERİ, ÇİLEK YETİŞTİRİCİLİĞİ, TARLA BİTKİLERİ YETİŞTİRİCİLİĞİ
Akören;DUTLU;HAYVANCILIK
Akören;ORHANİYE;HAYVANCILIK, TARLA BİTKİLERİ YETİŞTİRİCİLİĞİ
Akören;SÜLEYMANİYE;MODERN SULAMA SİSTEMLERİ, SEBZE YETİŞTİRİCİLİĞİ, HAYVANCILIK, TARLA BİTKİLERİ YETİŞTİRİCİLİĞİ
Akören;TÜLCE;MANTAR YETİŞTİRİCİLİĞİ
Akören;KARAHÜYÜK;SEBZE YETİŞTİRİCİLİĞİ, ARI YETİŞTİRİCİLİĞİ
Akşehir;ÇAKILLAR;MODERN SULAMA SİSTEMLERİ, SEBZE YETİŞTİRİCİLİĞİ, HAYVANCILIK, ÇİLEK YETİŞTİRİCİLİĞİ
Akşehir;GEDİL;MODERN SULAMA SİSTEMLERİ, SEBZE YETİŞTİRİCİLİĞİ
Akşehir;KARAHÜYÜK;MODERN SULAMA SİSTEMLERİ, SEBZE YETİŞTİRİCİLİĞİ, HAYVANCILIK
Akşehir;ADSIZ;MODERN MEYVECİLİK, ÇİLEK YETİŞTİRİCİLİĞİ
Akşehir;ALANYURT;SEBZE YETİŞTİRİCİLİĞİ, MODERN MEYVECİLİK, HAYVANCILIK
Akşehir;ALTUNTAŞ;MODERN SULAMA SİSTEMLERİ, SEBZE YETİŞTİRİCİLİĞİ, HAYVANCILIK
Akşehir;ATAKENT;MODERN SULAMA SİSTEMLERİ, SEBZE YETİŞTİRİCİLİĞİ
Akşehir;BOZLAĞAN;SEBZE YETİŞTİRİCİLİĞİ, HAYVANCILIK, TARLA BİTKİLERİ YETİŞTİRİCİLİĞİ
Akşehir;CANKURTARAN;ÇİLEK YETİŞTİRİCİLİĞİ
Akşehir;ÇAMLI;MODERN SULAMA SİSTEMLERİ, HAYVANCILIK, ÇİLEK YETİŞTİRİCİLİĞİ
Akşehir;ÇİMENDERE;SEBZE YETİŞTİRİCİLİĞİ, HAYVANCILIK, ARI YETİŞTİRİCİLİĞİ
Akşehir;DEĞİRMENKÖY;MODERN MEYVECİLİK
Akşehir;DOĞRUGÖZ;HAYVANCILIK, MODERN BAĞCILIK, ARI YETİŞTİRİCİLİĞİ
Akşehir;ENGİLİ;MODERN SULAMA SİSTEMLERİ, MODERN MEYVECİLİK, HAYVANCILIK
Akşehir;GÖLÇAYIR;MODERN SULAMA SİSTEMLERİ, MODERN MEYVECİLİK
Akşehir;GÖZPINARI;SEBZE YETİŞTİRİCİLİĞİ, ÇİLEK YETİŞTİRİCİLİĞİ
Akşehir;ILICAK;MODERN SULAMA SİSTEMLERİ, SEBZE YETİŞTİRİCİLİĞİ, MODERN MEYVECİLİK
Akşehir;KARABULUT;HAYVANCILIK, TARLA BİTKİLERİ YETİŞTİRİCİLİĞİ
Akşehir;ORTACA;SEBZE YETİŞTİRİCİLİĞİ, MODERN MEYVECİLİK, HAYVANCILIK
Akşehir;ORTAKÖY;HAYVANCILIK, TARLA BİTKİLERİ YETİŞTİRİCİLİĞİ
Akşehir;REİS;SEBZE YETİŞTİRİCİLİĞİ, HAYVANCILIK
Akşehir;SAVAŞ;MODERN MEYVECİLİK, HAYVANCILIK
Akşehir;SORKUN;MODERN MEYVECİLİK
Akşehir;SÖĞÜTLÜ;MODERN SULAMA SİSTEMLERİ, SEBZE YETİŞTİRİCİLİĞİ, HAYVANCILIK
Akşehir;TEKKE;YOK
Akşehir;TİPİKÖY;KIRSALDAN KENTE GÜVENLİ GIDA, SEBZE YETİŞTİRİCİLİĞİ, HAYVANCILIK, TIBBİ VE AROMATİK BİTKİ YETİŞTİRİCİLİĞİ, TARLA BİTKİLERİ YETİŞTİRİCİLİĞİ
Akşehir;ULUPINAR;YOK
Akşehir;ÜÇHÜYÜK;ÇİLEK YETİŞTİRİCİLİĞİ
Akşehir;YAŞARLAR;HAYVANCILIK
Akşehir;YAYLABELEN;MODERN MEYVECİLİK, HAYVANCILIK
Akşehir;YAZLA;MODERN SULAMA SİSTEMLERİ, KIRSALDAN KENTE GÜVENLİ GIDA, HAYVANCILIK
Akşehir;YENİKÖY;MODERN SULAMA SİSTEMLERİ, SEBZE YETİŞTİRİCİLİĞİ, MODERN MEYVECİLİK, HAYVANCILIK
Akşehir;YEŞİLKÖY;MODERN SULAMA SİSTEMLERİ, SEBZE YETİŞTİRİCİLİĞİ, HAYVANCILIK
Akşehir;SARAY;MODERN MEYVECİLİK, HAYVANCILIK, ÇİLEK YETİŞTİRİCİLİĞİ
Altınekin;OĞUZELİ;TARLA BİTKİLERİ YETİŞTİRİCİLİĞİ
Altınekin;AKCAŞAR;HAYVANCILIK, TARLA BİTKİLERİ YETİŞTİRİCİLİĞİ
Altınekin;AYIŞIĞI;HAYVANCILIK
Altınekin;AKKÖY;TARLA BİTKİLERİ YETİŞTİRİCİLİĞİ
Altınekin;BORUKKUYU;HAYVANCILIK, TARLA BİTKİLERİ YETİŞTİRİCİLİĞİ
Altınekin;HACINUMAN;HAYVANCILIK, TARLA BİTKİLERİ YETİŞTİRİCİLİĞİ
Altınekin;KARAKAYA;HAYVANCILIK, TARLA BİTKİLERİ YETİŞTİRİCİLİĞİ
Altınekin;KOÇAŞ;HAYVANCILIK
Altınekin;KOÇYAKA;HAYVANCILIK, TARLA BİTKİLERİ YETİŞTİRİCİLİĞİ
Altınekin;MANTAR;HAYVANCILIK, TARLA BİTKİLERİ YETİŞTİRİCİLİĞİ
Altınekin;YENİÖLMEZ;MODERN SULAMA SİSTEMLERİ, TARLA BİTKİLERİ YETİŞTİRİCİLİĞİ
Altınekin;SARNIÇ;HAYVANCILIK, TARLA BİTKİLERİ YETİŞTİRİCİLİĞİ
Altınekin;TOPRAKLIK;HAYVANCILIK, TARLA BİTKİLERİ YETİŞTİRİCİLİĞİ
Altınekin;YENİKUYU;MODERN SULAMA SİSTEMLERİ, HAYVANCILIK
Altınekin;YENİYAYLA;HAYVANCILIK, TARLA BİTKİLERİ YETİŞTİRİCİLİĞİ
Altınekin;DEDELER;TARLA BİTKİLERİ YETİŞTİRİCİLİĞİ
Altınekin;AKINCILAR;MODERN SULAMA SİSTEMLERİ, HAYVANCILIK
Beyşehir;ADAKÖY;SEBZE YETİŞTİRİCİLİĞİ
Beyşehir;AĞILÖNÜ;HAYVANCILIK, ARI YETİŞTİRİCİLİĞİ
Beyşehir;AKBURUN;HAYVANCILIK, TARLA BİTKİLERİ YETİŞTİRİCİLİĞİ
Beyşehir;AKÇABELEN;SEBZE YETİŞTİRİCİLİĞİ, TARLA BİTKİLERİ YETİŞTİRİCİLİĞİ
Beyşehir;AVDANCIK;SEBZE YETİŞTİRİCİLİĞİ, HAYVANCILIK, TARLA BİTKİLERİ YETİŞTİRİCİLİĞİ
Beyşehir;BADEMLİ;HAYVANCILIK, TARLA BİTKİLERİ YETİŞTİRİCİLİĞİ
Beyşehir;BAYAT;HAYVANCILIK, TARLA BİTKİLERİ YETİŞTİRİCİLİĞİ
Beyşehir;BAYAVŞAR;YOK
Beyşehir;BAYINDIR;YOK
Beyşehir;BAŞGÖZE;SEBZE YETİŞTİRİCİLİĞİ, HAYVANCILIK, TARLA BİTKİLERİ YETİŞTİRİCİLİĞİ
Beyşehir;BEKDEMİR;SEBZE YETİŞTİRİCİLİĞİ, HAYVANCILIK, TARLA BİTKİLERİ YETİŞTİRİCİLİĞİ
Beyşehir;DAMLAPINAR;SEBZE YETİŞTİRİCİLİĞİ, HAYVANCILIK
Beyşehir;DOĞANBEY;HAYVANCILIK, TARLA BİTKİLERİ YETİŞTİRİCİLİĞİ
Beyşehir;DOĞANCIK;HAYVANCILIK
Beyşehir;DUMANLI;SEBZE YETİŞTİRİCİLİĞİ, HAYVANCILIK
Beyşehir;EMEN;HAYVANCILIK, TARLA BİTKİLERİ YETİŞTİRİCİLİĞİ
Beyşehir;ESENCE;HAYVANCILIK, TARLA BİTKİLERİ YETİŞTİRİCİLİĞİ
Beyşehir;EYLİKLER;SEBZE YETİŞTİRİCİLİĞİ
Beyşehir;EĞİRLER;YOK
Beyşehir;FASILLAR;TIBBİ VE AROMATİK BİTKİ YETİŞTİRİCİLİĞİ
Beyşehir;GÖKÇEKUYU;MODERN SULAMA SİSTEMLERİ, MODERN MEYVECİLİK, HAYVANCILIK, ARI YETİŞTİRİCİLİĞİ, ÇİLEK YETİŞTİRİCİLİĞİ
Beyşehir;GÖKÇİMEN;HAYVANCILIK
Beyşehir;GÖLKAŞI;HAYVANCILIK
Beyşehir;GÖLYAKA;TARLA BİTKİLERİ YETİŞTİRİCİLİĞİ
Beyşehir;GÖNEN;HAYVANCILIK, TARLA BİTKİLERİ YETİŞTİRİCİLİĞİ
Beyşehir;GÖÇÜ;MODERN SULAMA SİSTEMLERİ, SEBZE YETİŞTİRİCİLİĞİ, MODERN MEYVECİLİK, HAYVANCILIK, TARLA BİTKİLERİ YETİŞTİRİCİLİĞİ
Beyşehir;GÜNDOĞDU;TARLA BİTKİLERİ YETİŞTİRİCİLİĞİ
Beyşehir;HUĞLU;YOK
Beyşehir;HÜSEYİNLER;MODERN MEYVECİLİK
Beyşehir;İSAKÖY;TARLA BİTKİLERİ YETİŞTİRİCİLİĞİ
Beyşehir;KARAALİ;HAYVANCILIK
Beyşehir;KARABAYAT;HAYVANCILIK, TARLA BİTKİLERİ YETİŞTİRİCİLİĞİ
Beyşehir;KARADİKEN;SEBZE YETİŞTİRİCİLİĞİ, HAYVANCILIK
Beyşehir;KARAHİSAR;SEBZE YETİŞTİRİCİLİĞİ, HAYVANCILIK
Beyşehir;KAYABAŞI;YOK
Beyşehir;KURUCUOVA;YOK
Beyşehir;KUŞLUCA;HAYVANCILIK, TARLA BİTKİLERİ YETİŞTİRİCİLİĞİ
Beyşehir;KÜÇÜKAVŞAR;YOK
Beyşehir;MESUTLAR;SEBZE YETİŞTİRİCİLİĞİ, HAYVANCILIK
Beyşehir;SADIKHACI;SEBZE YETİŞTİRİCİLİĞİ, TARLA BİTKİLERİ YETİŞTİRİCİLİĞİ, BİOTEKNİK MÜCADELE VE İYİ TARIM UYGULAMALARI
Beyşehir;SARIKÖY;HAYVANCILIK, TARLA BİTKİLERİ YETİŞTİRİCİLİĞİ
Beyşehir;SEVİNDİK;KIRSALDAN KENTE GÜVENLİ GIDA, HAYVANCILIK
Beyşehir;ŞAMLAR;MODERN MEYVECİLİK, MODERN BAĞCILIK
Beyşehir;ÜÇPINAR;SEBZE YETİŞTİRİCİLİĞİ, ARI YETİŞTİRİCİLİĞİ
Beyşehir;ÜSTÜNLER;HAYVANCILIK
Beyşehir;ÜZÜMLÜ;YOK
Beyşehir;YAZYURDU;HAYVANCILIK
Beyşehir;YENİDOĞAN;ÇİLEK YETİŞTİRİCİLİĞİ
Beyşehir;YEŞİLDAĞ;SEBZE YETİŞTİRİCİLİĞİ
Beyşehir;YUKARIESENCE;HAYVANCILIK, TARLA BİTKİLERİ YETİŞTİRİCİLİĞİ
Beyşehir;YUNUSLAR;SEBZE YETİŞTİRİCİLİĞİ, ÇİLEK YETİŞTİRİCİLİĞİ
Beyşehir;ÇİFTLİK;SEBZE YETİŞTİRİCİLİĞİ
Beyşehir;ÇİVRİL;SEBZE YETİŞTİRİCİLİĞİ, TARLA BİTKİLERİ YETİŞTİRİCİLİĞİ
Beyşehir;ÇUKURAĞIL;YOK
Bozkır;ÇAĞLAYAN;MODERN SULAMA SİSTEMLERİ, SEBZE YETİŞTİRİCİLİĞİ, MODERN MEYVECİLİK
Bozkır;HAMZALAR;MODERN SULAMA SİSTEMLERİ, SEBZE YETİŞTİRİCİLİĞİ, MODERN MEYVECİLİK
Bozkır;AKÇAPINAR;YOK
Bozkır;ARMUTLU;SEBZE YETİŞTİRİCİLİĞİ, HAYVANCILIK
Bozkır;ARSLANTAŞ;YOK
Bozkır;AYDINKIŞLA;HAYVANCILIK
Bozkır;AYVALCA;MODERN SULAMA SİSTEMLERİ, SEBZE YETİŞTİRİCİLİĞİ, MODERN MEYVECİLİK, HAYVANCILIK
Bozkır;BAĞYURDU;MODERN MEYVECİLİK
Bozkır;BAYBAĞAN;MODERN SULAMA SİSTEMLERİ, SEBZE YETİŞTİRİCİLİĞİ, HAYVANCILIK
Bozkır;BOZDAM;MODERN SULAMA SİSTEMLERİ, SEBZE YETİŞTİRİCİLİĞİ, MODERN MEYVECİLİK
Bozkır;DEREİÇİ;MODERN MEYVECİLİK
Bozkır;DEREKÖY;MODERN SULAMA SİSTEMLERİ, KIRSALDAN KENTE GÜVENLİ GIDA, SEBZE YETİŞTİRİCİLİĞİ, MODERN MEYVECİLİK, ARI YETİŞTİRİCİLİĞİ
Bozkır;ELMAAĞAÇ;MODERN SULAMA SİSTEMLERİ, SEBZE YETİŞTİRİCİLİĞİ
Bozkır;HACILAR;KIRSALDAN KENTE GÜVENLİ GIDA, HAYVANCILIK
Bozkır;HACIYUNUSLAR;MODERN SULAMA SİSTEMLERİ, SEBZE YETİŞTİRİCİLİĞİ
Bozkır;HARMANPINAR;YOK
Bozkır;HİSARLIK;ARI YETİŞTİRİCİLİĞİ, MANTAR YETİŞTİRİCİLİĞİ
Bozkır;IŞIKLAR;YOK
Bozkır;KARABAYIR;MODERN MEYVECİLİK, HAYVANCILIK
Bozkır;KARACAARDIÇ;MODERN MEYVECİLİK
Bozkır;KARACAHİSAR;HAYVANCILIK
Bozkır;KARAYAHYA;YOK
Bozkır;KAYACILAR;SEBZE YETİŞTİRİCİLİĞİ, HAYVANCILIK
Bozkır;KAYAPINAR;HAYVANCILIK
Bozkır;KINIK;MODERN SULAMA SİSTEMLERİ, SEBZE YETİŞTİRİCİLİĞİ, HAYVANCILIK
Bozkır;KIZILÇAKIR;YOK
Bozkır;KİLDERE;HAYVANCILIK, MODERN BAĞCILIK, ARI YETİŞTİRİCİLİĞİ, TIBBİ VE AROMATİK BİTKİ YETİŞTİRİCİLİĞİ
Bozkır;KOVANLIK;SEBZE YETİŞTİRİCİLİĞİ, HAYVANCILIK
Bozkır;KOZAĞAÇ;MODERN MEYVECİLİK, HAYVANCILIK, ARI YETİŞTİRİCİLİĞİ
Bozkır;KUŞÇA;TIBBİ VE AROMATİK BİTKİ YETİŞTİRİCİLİĞİ
Bozkır;KÜÇÜKHİSARLIK;SEBZE YETİŞTİRİCİLİĞİ, HAYVANCILIK, MODERN BAĞCILIK
Bozkır;PINARCIK;SEBZE YETİŞTİRİCİLİĞİ
Bozkır;SARIOĞLAN;ÇİLEK YETİŞTİRİCİLİĞİ
Bozkır;SAZLI;KIRSALDAN KENTE GÜVENLİ GIDA, HAYVANCILIK, ARI YETİŞTİRİCİLİĞİ, TIBBİ VE AROMATİK BİTKİ YETİŞTİRİCİLİĞİ
Bozkır;SOĞUCAK;SEBZE YETİŞTİRİCİLİĞİ, ARI YETİŞTİRİCİLİĞİ
Bozkır;SORKUN;SEBZE YETİŞTİRİCİLİĞİ, HAYVANCILIK, ARI YETİŞTİRİCİLİĞİ
Bozkır;SÖĞÜT;MODERN SULAMA SİSTEMLERİ, SEBZE YETİŞTİRİCİLİĞİ, HAYVANCILIK
Bozkır;TARLABAŞI;YOK
Bozkır;TAŞBAŞI;HAYVANCILIK
Bozkır;TEPEARASI;YOK
Bozkır;TEPELİCE;HAYVANCILIK
Bozkır;ULUPINAR;HAYVANCILIK
Bozkır;ÜÇPINAR;SEBZE YETİŞTİRİCİLİĞİ, HAYVANCILIK, ARI YETİŞTİRİCİLİĞİ
Bozkır;YALNIZCA;MODERN SULAMA SİSTEMLERİ
Bozkır;YAZDAMI;YOK
Bozkır;YELBEYİ;SEBZE YETİŞTİRİCİLİĞİ
Bozkır;YENİKÖY;MODERN MEYVECİLİK, HAYVANCILIK, ARI YETİŞTİRİCİLİĞİ
Bozkır;YOLÖREN;KIRSALDAN KENTE GÜVENLİ GIDA, SEBZE YETİŞTİRİCİLİĞİ
Çeltik;GÖKPINAR;MODERN SULAMA SİSTEMLERİ, HAYVANCILIK, TARLA BİTKİLERİ YETİŞTİRİCİLİĞİ
Çeltik;ADAKASIM;KIRSALDAN KENTE GÜVENLİ GIDA, HAYVANCILIK, TIBBİ VE AROMATİK BİTKİ YETİŞTİRİCİLİĞİ
Çeltik;DOĞANYURT;KIRSALDAN KENTE GÜVENLİ GIDA, HAYVANCILIK, TIBBİ VE AROMATİK BİTKİ YETİŞTİRİCİLİĞİ, TARLA BİTKİLERİ YETİŞTİRİCİLİĞİ
Çeltik;KAŞÖREN;MODERN SULAMA SİSTEMLERİ, KIRSALDAN KENTE GÜVENLİ GIDA, HAYVANCILIK, TIBBİ VE AROMATİK BİTKİ YETİŞTİRİCİLİĞİ, TARLA BİTKİLERİ YETİŞTİRİCİLİĞİ
Çeltik;KÜÇÜKHASAN;HAYVANCILIK
Çeltik;TORUNLAR;HAYVANCILIK
Çeltik;İSHAKUŞAĞI;MODERN SULAMA SİSTEMLERİ, KIRSALDAN KENTE GÜVENLİ GIDA, HAYVANCILIK, TIBBİ VE AROMATİK BİTKİ YETİŞTİRİCİLİĞİ, TARLA BİTKİLERİ YETİŞTİRİCİLİĞİ
Çeltik;HONAMLI;MODERN SULAMA SİSTEMLERİ, TIBBİ VE AROMATİK BİTKİ YETİŞTİRİCİLİĞİ, TARLA BİTKİLERİ YETİŞTİRİCİLİĞİ
Cihanbeyli;BÖĞRÜDELİK;HAYVANCILIK
Cihanbeyli;YAPALI;HAYVANCILIK, TARLA BİTKİLERİ YETİŞTİRİCİLİĞİ
Cihanbeyli;YENİCEOBA;HAYVANCILIK
Cihanbeyli;CUMHURİYET;YOK
Cihanbeyli;GEMECİK;MODERN SULAMA SİSTEMLERİ, HAYVANCILIK
Cihanbeyli;GÖKTEPE;HAYVANCILIK
Cihanbeyli;AĞABEYLİ;KIRSALDAN KENTE GÜVENLİ GIDA, HAYVANCILIK
Cihanbeyli;HODOĞLU;HAYVANCILIK, TIBBİ VE AROMATİK BİTKİ YETİŞTİRİCİLİĞİ, TARLA BİTKİLERİ YETİŞTİRİCİLİĞİ
Cihanbeyli;KAYI;MODERN MEYVECİLİK, HAYVANCILIK, TARLA BİTKİLERİ YETİŞTİRİCİLİĞİ
Cihanbeyli;KIRKIŞLA;MODERN SULAMA SİSTEMLERİ
Cihanbeyli;KORKMAZLAR;HAYVANCILIK, ARI YETİŞTİRİCİLİĞİ
Cihanbeyli;KÜÇÜKBEŞKAVAK;KIRSALDAN KENTE GÜVENLİ GIDA, HAYVANCILIK, TIBBİ VE AROMATİK BİTKİ YETİŞTİRİCİLİĞİ, TARLA BİTKİLERİ YETİŞTİRİCİLİĞİ
Cihanbeyli;MUTLUKONAK;HAYVANCILIK
Cihanbeyli;SAĞLIK;HAYVANCILIK
Cihanbeyli;SIĞIRCIK;HAYVANCILIK
Cihanbeyli;TURANLAR;YOK
Cihanbeyli;TÜFEKÇİPINAR;HAYVANCILIK
Cihanbeyli;UZUNCAYAYLA;KIRSALDAN KENTE GÜVENLİ GIDA, HAYVANCILIK
Cihanbeyli;YÜNLÜKUYU;HAYVANCILIK
Cihanbeyli;ZAFERİYE;HAYVANCILIK, TARLA BİTKİLERİ YETİŞTİRİCİLİĞİ
Cihanbeyli;GÖLYAZI;HAYVANCILIK
Cihanbeyli;GÜNYÜZÜ;HAYVANCILIK, TARLA BİTKİLERİ YETİŞTİRİCİLİĞİ
Cihanbeyli;İNSUYU;YOK
Cihanbeyli;KANDİL;YOK
Cihanbeyli;KARABAĞ;YOK
Cihanbeyli;KELHASAN;KIRSALDAN KENTE GÜVENLİ GIDA, HAYVANCILIK, TARLA BİTKİLERİ YETİŞTİRİCİLİĞİ
Cihanbeyli;KUŞCA;HAYVANCILIK
Cihanbeyli;KÜTÜKUŞAĞI;SEBZE YETİŞTİRİCİLİĞİ, MODERN MEYVECİLİK, HAYVANCILIK, TARLA BİTKİLERİ YETİŞTİRİCİLİĞİ
Cihanbeyli;TAŞPINAR;HAYVANCILIK
Cihanbeyli;BEYLİOVA;MODERN SULAMA SİSTEMLERİ, MODERN MEYVECİLİK, HAYVANCILIK, TARLA BİTKİLERİ YETİŞTİRİCİLİĞİ
Cihanbeyli;ÇİMEN;HAYVANCILIK
Cihanbeyli;ÇÖL;HAYVANCILIK
Cihanbeyli;DAMLAKUYU;HAYVANCILIK, TIBBİ VE AROMATİK BİTKİ YETİŞTİRİCİLİĞİ, TARLA BİTKİLERİ YETİŞTİRİCİLİĞİ
Cihanbeyli;BULDUK;HAYVANCILIK
Cihanbeyli;BÜYÜKBEŞKAVAK;YOK
Cihanbeyli;KARATEPE;KIRSALDAN KENTE GÜVENLİ GIDA, HAYVANCILIK
Çumra;ARIKÖREN;HAYVANCILIK, TARLA BİTKİLERİ YETİŞTİRİCİLİĞİ
Çumra;DEDEMOĞLU;MODERN SULAMA SİSTEMLERİ, KIRSALDAN KENTE GÜVENLİ GIDA, HAYVANCILIK, TIBBİ VE AROMATİK BİTKİ YETİŞTİRİCİLİĞİ, TARLA BİTKİLERİ YETİŞTİRİCİLİĞİ
Çumra;TÜRKMENCAMİLİ;MODERN SULAMA SİSTEMLERİ, KIRSALDAN KENTE GÜVENLİ GIDA, HAYVANCILIK, TARLA BİTKİLERİ YETİŞTİRİCİLİĞİ
Çumra;A.B.HÜYÜĞÜ;MODERN SULAMA SİSTEMLERİ, HAYVANCILIK, TIBBİ VE AROMATİK BİTKİ YETİŞTİRİCİLİĞİ, ÇİLEK YETİŞTİRİCİLİĞİ, TARLA BİTKİLERİ YETİŞTİRİCİLİĞİ
Çumra;DİNEK;MODERN SULAMA SİSTEMLERİ, KIRSALDAN KENTE GÜVENLİ GIDA, HAYVANCILIK, ARI YETİŞTİRİCİLİĞİ, TARLA BİTKİLERİ YETİŞTİRİCİLİĞİ
Çumra;İÇERİÇUMRA;HAYVANCILIK, TARLA BİTKİLERİ YETİŞTİRİCİLİĞİ
Çumra;GÜVERCİNLİK;MODERN SULAMA SİSTEMLERİ, KIRSALDAN KENTE GÜVENLİ GIDA, SEBZE YETİŞTİRİCİLİĞİ, HAYVANCILIK
Çumra;KARKIN;KIRSALDAN KENTE GÜVENLİ GIDA, HAYVANCILIK, TARLA BİTKİLERİ YETİŞTİRİCİLİĞİ
Çumra;OKÇU;MODERN SULAMA SİSTEMLERİ, HAYVANCILIK, TIBBİ VE AROMATİK BİTKİ YETİŞTİRİCİLİĞİ, TARLA BİTKİLERİ YETİŞTİRİCİLİĞİ
Çumra;YENİSU;HAYVANCILIK
Çumra;APA;ARI YETİŞTİRİCİLİĞİ
Çumra;ABDİTOLU;MODERN SULAMA SİSTEMLERİ, KIRSALDAN KENTE GÜVENLİ GIDA, HAYVANCILIK, TARLA BİTKİLERİ YETİŞTİRİCİLİĞİ
Çumra;ADAKALE;HAYVANCILIK
Çumra;ALEMDAR;MODERN SULAMA SİSTEMLERİ, MODERN MEYVECİLİK, HAYVANCILIK
Çumra;APASARAYCIK;HAYVANCILIK
Çumra;AFŞAR;HAYVANCILIK
Çumra;AVDUL;HAYVANCILIK, TARLA BİTKİLERİ YETİŞTİRİCİLİĞİ
Çumra;BALÇIKHİSAR;KIRSALDAN KENTE GÜVENLİ GIDA, HAYVANCILIK, TARLA BİTKİLERİ YETİŞTİRİCİLİĞİ
Çumra;BEYLERCE;MODERN SULAMA SİSTEMLERİ, KIRSALDAN KENTE GÜVENLİ GIDA, HAYVANCILIK
Çumra;B.AŞLAMA;MODERN SULAMA SİSTEMLERİ, KIRSALDAN KENTE GÜVENLİ GIDA, SEBZE YETİŞTİRİCİLİĞİ, MODERN MEYVECİLİK, ARI YETİŞTİRİCİLİĞİ, TIBBİ VE AROMATİK BİTKİ YETİŞTİRİCİLİĞİ
Çumra;CİCEK;HAYVANCILIK
Çumra;ÇUKURKAVAK;MODERN SULAMA SİSTEMLERİ, HAYVANCILIK, TARLA BİTKİLERİ YETİŞTİRİCİLİĞİ
Çumra;DİNLENDİK;MODERN SULAMA SİSTEMLERİ, HAYVANCILIK, TARLA BİTKİLERİ YETİŞTİRİCİLİĞİ
Çumra;DİNEKSARAY;SEBZE YETİŞTİRİCİLİĞİ, HAYVANCILIK, TARLA BİTKİLERİ YETİŞTİRİCİLİĞİ
Çumra;DOĞANLI;YOK
Çumra;FETHİYE;MODERN SULAMA SİSTEMLERİ, KIRSALDAN KENTE GÜVENLİ GIDA, HAYVANCILIK, TIBBİ VE AROMATİK BİTKİ YETİŞTİRİCİLİĞİ, TARLA BİTKİLERİ YETİŞTİRİCİLİĞİ
Çumra;GÖKHÜYÜK;MODERN SULAMA SİSTEMLERİ, HAYVANCILIK, TARLA BİTKİLERİ YETİŞTİRİCİLİĞİ
Çumra;ERENTEPE;YOK
Çumra;İNLİ;HAYVANCILIK
Çumra;KUZUCU;HAYVANCILIK
Çumra;KÜÇÜKKÖY;MODERN SULAMA SİSTEMLERİ, KIRSALDAN KENTE GÜVENLİ GIDA, SEBZE YETİŞTİRİCİLİĞİ, HAYVANCILIK, TARLA BİTKİLERİ YETİŞTİRİCİLİĞİ
Çumra;SEÇME;KIRSALDAN KENTE GÜVENLİ GIDA, MODERN MEYVECİLİK, HAYVANCILIK
Çumra;SÜRGÜÇ;MODERN SULAMA SİSTEMLERİ, KIRSALDAN KENTE GÜVENLİ GIDA, HAYVANCILIK, TARLA BİTKİLERİ YETİŞTİRİCİLİĞİ
Çumra;TAHTALI;YOK
Çumra;T.KARAHÜYÜK;MODERN SULAMA SİSTEMLERİ, HAYVANCILIK, TARLA BİTKİLERİ YETİŞTİRİCİLİĞİ
Çumra;TAŞAĞIL;HAYVANCILIK
Çumra;UZUNKUYU;HAYVANCILIK, ARI YETİŞTİRİCİLİĞİ, TARLA BİTKİLERİ YETİŞTİRİCİLİĞİ
Çumra;ÜÇHÜYÜK;YOK
Çumra;ÜRÜNLÜ;KIRSALDAN KENTE GÜVENLİ GIDA, HAYVANCILIK
Çumra;YÖRÜKCAMİLİ;MODERN BAĞCILIK, TARLA BİTKİLERİ YETİŞTİRİCİLİĞİ
Çumra;ÇAYBAŞI;MODERN SULAMA SİSTEMLERİ, SEBZE YETİŞTİRİCİLİĞİ, HAYVANCILIK, BİOTEKNİK MÜCADELE VE İYİ TARIM UYGULAMALARI
Derbent;ÇİFTLİKÖZÜ;SEBZE YETİŞTİRİCİLİĞİ, TARLA BİTKİLERİ YETİŞTİRİCİLİĞİ
Derbent;DEĞİŞ;KIRSALDAN KENTE GÜVENLİ GIDA, HAYVANCILIK
Derbent;TEKKE;HAYVANCILIK, ÇİLEK YETİŞTİRİCİLİĞİ
Derbent;GÜNEYKÖY;MODERN MEYVECİLİK, HAYVANCILIK, ARI YETİŞTİRİCİLİĞİ
Derbent;MÜLAYİM;ARI YETİŞTİRİCİLİĞİ, ÇİLEK YETİŞTİRİCİLİĞİ
Derbent;SARAYPINAR;KIRSALDAN KENTE GÜVENLİ GIDA
Derbent;YASSIÖREN;MODERN SULAMA SİSTEMLERİ, SEBZE YETİŞTİRİCİLİĞİ, HAYVANCILIK
Derbent;SÜLEYMAN;MODERN SULAMA SİSTEMLERİ, SEBZE YETİŞTİRİCİLİĞİ, MODERN MEYVECİLİK, TARLA BİTKİLERİ YETİŞTİRİCİLİĞİ
Derbent;KARALAR;SEBZE YETİŞTİRİCİLİĞİ, ÇİLEK YETİŞTİRİCİLİĞİ
Derebucak;ÇAMLIK;MODERN SULAMA SİSTEMLERİ, SEBZE YETİŞTİRİCİLİĞİ, HAYVANCILIK
Derebucak;DURAK;YOK
Derebucak;GENCEK;MODERN SULAMA SİSTEMLERİ, HAYVANCILIK, BİOTEKNİK MÜCADELE VE İYİ TARIM UYGULAMALARI
Derebucak;GÖYNEM;MODERN SULAMA SİSTEMLERİ, KIRSALDAN KENTE GÜVENLİ GIDA, SEBZE YETİŞTİRİCİLİĞİ
Derebucak;PINARBAŞI;MODERN SULAMA SİSTEMLERİ, SEBZE YETİŞTİRİCİLİĞİ, HAYVANCILIK, ÇİLEK YETİŞTİRİCİLİĞİ
Derebucak;TAŞLIPINAR;YOK
Derebucak;TEPEARASI;YOK
Derebucak;UĞURLU;HAYVANCILIK, ARI YETİŞTİRİCİLİĞİ
Doğanhisar;BAŞKÖY;ÇİLEK YETİŞTİRİCİLİĞİ
Doğanhisar;YAZLICA;SEBZE YETİŞTİRİCİLİĞİ, HAYVANCILIK, ÇİLEK YETİŞTİRİCİLİĞİ, TARLA BİTKİLERİ YETİŞTİRİCİLİĞİ
Doğanhisar;AYASLAR;SEBZE YETİŞTİRİCİLİĞİ, ÇİLEK YETİŞTİRİCİLİĞİ
Doğanhisar;ÇINAROBA;MODERN SULAMA SİSTEMLERİ, SEBZE YETİŞTİRİCİLİĞİ, MODERN MEYVECİLİK, HAYVANCILIK
Doğanhisar;DEŞTİĞİN;SEBZE YETİŞTİRİCİLİĞİ, ÇİLEK YETİŞTİRİCİLİĞİ
Doğanhisar;FIRINLI;SEBZE YETİŞTİRİCİLİĞİ, MODERN MEYVECİLİK, ARI YETİŞTİRİCİLİĞİ, ÇİLEK YETİŞTİRİCİLİĞİ, MANTAR YETİŞTİRİCİLİĞİ
Doğanhisar;GÜVENDİK;HAYVANCILIK, ÇİLEK YETİŞTİRİCİLİĞİ
Doğanhisar;İLYASLAR;TIBBİ VE AROMATİK BİTKİ YETİŞTİRİCİLİĞİ
Doğanhisar;KARAAĞA;YOK
Doğanhisar;KEMER;HAYVANCILIK
Doğanhisar;KOÇAŞ;SEBZE YETİŞTİRİCİLİĞİ, TARLA BİTKİLERİ YETİŞTİRİCİLİĞİ
Doğanhisar;KONAKKALE;HAYVANCILIK, ÇİLEK YETİŞTİRİCİLİĞİ
Doğanhisar;TEKKE;YOK
Doğanhisar;UNCULAR;HAYVANCILIK, ÇİLEK YETİŞTİRİCİLİĞİ
Doğanhisar;YAZIR;ÇİLEK YETİŞTİRİCİLİĞİ
Doğanhisar;YENİCE;MODERN MEYVECİLİK, HAYVANCILIK
Emirgazi;EKİZLİ;HAYVANCILIK
Emirgazi;AKMESCİT;MODERN SULAMA SİSTEMLERİ
Emirgazi;BESCİ;HAYVANCILIK
Emirgazi;DEMİRCİ;HAYVANCILIK
Emirgazi;GÖLÖREN;KIRSALDAN KENTE GÜVENLİ GIDA
Emirgazi;IŞIKLAR;KIRSALDAN KENTE GÜVENLİ GIDA, HAYVANCILIK
Emirgazi;KARAÖREN;HAYVANCILIK, TARLA BİTKİLERİ YETİŞTİRİCİLİĞİ
Emirgazi;MEŞELİ;SEBZE YETİŞTİRİCİLİĞİ, MODERN MEYVECİLİK
Emirgazi;ÖBEKTAŞ;YOK
Emirgazi;YAMAÇ;HAYVANCILIK
Ereğli;ZENGEN;SEBZE YETİŞTİRİCİLİĞİ, TARLA BİTKİLERİ YETİŞTİRİCİLİĞİ
Ereğli;ACIPINAR;HAYVANCILIK, TARLA BİTKİLERİ YETİŞTİRİCİLİĞİ
Ereğli;ADABAĞ;HAYVANCILIK
Ereğli;AKHÜYÜK;HAYVANCILIK
Ereğli;ALHAN;MODERN SULAMA SİSTEMLERİ, TARLA BİTKİLERİ YETİŞTİRİCİLİĞİ
Ereğli;AŞAĞI GÖNDELEN;TARLA BİTKİLERİ YETİŞTİRİCİLİĞİ
Ereğli;AŞIKLAR;MODERN SULAMA SİSTEMLERİ, HAYVANCILIK, TARLA BİTKİLERİ YETİŞTİRİCİLİĞİ
Ereğli;AZİZİYE;YOK
Ereğli;BAHÇELİ;HAYVANCILIK, TARLA BİTKİLERİ YETİŞTİRİCİLİĞİ
Ereğli;BELCEAĞAÇ;HAYVANCILIK
Ereğli;BELKAYA;MODERN SULAMA SİSTEMLERİ, TARLA BİTKİLERİ YETİŞTİRİCİLİĞİ
Ereğli;BEYKÖY;MODERN SULAMA SİSTEMLERİ, HAYVANCILIK, TARLA BİTKİLERİ YETİŞTİRİCİLİĞİ
Ereğli;BEYÖREN;HAYVANCILIK, TARLA BİTKİLERİ YETİŞTİRİCİLİĞİ
Ereğli;BULGURLUK;HAYVANCILIK
Ereğli;BURHANİYE;HAYVANCILIK
Ereğli;BÜYÜKDEDE;SEBZE YETİŞTİRİCİLİĞİ, MODERN MEYVECİLİK, MODERN BAĞCILIK, TIBBİ VE AROMATİK BİTKİ YETİŞTİRİCİLİĞİ
Ereğli;ÇAKMAK;HAYVANCILIK, TARLA BİTKİLERİ YETİŞTİRİCİLİĞİ
Ereğli;ÇAYHAN;HAYVANCILIK
Ereğli;ÇİLLER;MODERN SULAMA SİSTEMLERİ, HAYVANCILIK, TARLA BİTKİLERİ YETİŞTİRİCİLİĞİ
Ereğli;ÇİMENCİK;MODERN SULAMA SİSTEMLERİ, SEBZE YETİŞTİRİCİLİĞİ, HAYVANCILIK
Ereğli;GAYBİ;MODERN SULAMA SİSTEMLERİ, MODERN MEYVECİLİK, HAYVANCILIK
Ereğli;GÖKÇEYAZI;MODERN SULAMA SİSTEMLERİ, MODERN MEYVECİLİK, TARLA BİTKİLERİ YETİŞTİRİCİLİĞİ
Ereğli;GÖKTÖME;MODERN SULAMA SİSTEMLERİ, HAYVANCILIK, TARLA BİTKİLERİ YETİŞTİRİCİLİĞİ
Ereğli;HACIMEMİŞ;HAYVANCILIK, TARLA BİTKİLERİ YETİŞTİRİCİLİĞİ
Ereğli;KAMIŞLIKUYU;MODERN SULAMA SİSTEMLERİ, HAYVANCILIK, TARLA BİTKİLERİ YETİŞTİRİCİLİĞİ
Ereğli;KARABURUN;HAYVANCILIK
Ereğli;KARGACI;HAYVANCILIK
Ereğli;KIZILGEDİK;HAYVANCILIK, TARLA BİTKİLERİ YETİŞTİRİCİLİĞİ
Ereğli;KUSKUNCUK;MODERN SULAMA SİSTEMLERİ, HAYVANCILIK, TARLA BİTKİLERİ YETİŞTİRİCİLİĞİ
Ereğli;KUTÖREN;HAYVANCILIK
Ereğli;KUZUKUYU;HAYVANCILIK, TIBBİ VE AROMATİK BİTKİ YETİŞTİRİCİLİĞİ, TARLA BİTKİLERİ YETİŞTİRİCİLİĞİ
Ereğli;MELİCEK;HAYVANCILIK, TARLA BİTKİLERİ YETİŞTİRİCİLİĞİ
Ereğli;ORHANİYE;HAYVANCILIK, TARLA BİTKİLERİ YETİŞTİRİCİLİĞİ
Ereğli;ÖZGÜRLER;HAYVANCILIK
Ereğli;PINARÖZÜ;MODERN SULAMA SİSTEMLERİ, HAYVANCILIK, TARLA BİTKİLERİ YETİŞTİRİCİLİĞİ
Ereğli;SARICA;MODERN SULAMA SİSTEMLERİ, HAYVANCILIK, TARLA BİTKİLERİ YETİŞTİRİCİLİĞİ
Ereğli;SARITOPALLI;HAYVANCILIK, TARLA BİTKİLERİ YETİŞTİRİCİLİĞİ
Ereğli;SELVİLİ;MODERN SULAMA SİSTEMLERİ, SEBZE YETİŞTİRİCİLİĞİ, HAYVANCILIK
Ereğli;TAŞAĞIL;MODERN SULAMA SİSTEMLERİ, HAYVANCILIK, TARLA BİTKİLERİ YETİŞTİRİCİLİĞİ
Ereğli;TAŞBUDAK;MODERN SULAMA SİSTEMLERİ, HAYVANCILIK
Ereğli;TATLIKUYU;MODERN SULAMA SİSTEMLERİ, HAYVANCILIK, TARLA BİTKİLERİ YETİŞTİRİCİLİĞİ
Ereğli;TÜRKMEN;HAYVANCILIK, TARLA BİTKİLERİ YETİŞTİRİCİLİĞİ
Ereğli;ULUMEŞE;SEBZE YETİŞTİRİCİLİĞİ, HAYVANCILIK
Ereğli;YAZLIK;MODERN SULAMA SİSTEMLERİ, SEBZE YETİŞTİRİCİLİĞİ, MODERN MEYVECİLİK, HAYVANCILIK
Ereğli;YELLİCE;SEBZE YETİŞTİRİCİLİĞİ, MODERN MEYVECİLİK, HAYVANCILIK, TARLA BİTKİLERİ YETİŞTİRİCİLİĞİ
Ereğli;YENİKÖY;MODERN SULAMA SİSTEMLERİ, MODERN MEYVECİLİK, HAYVANCILIK, ARI YETİŞTİRİCİLİĞİ, TARLA BİTKİLERİ YETİŞTİRİCİLİĞİ, BİOTEKNİK MÜCADELE VE İYİ TARIM UYGULAMALARI
Ereğli;YILDIZLI;MODERN SULAMA SİSTEMLERİ, MODERN MEYVECİLİK, ARI YETİŞTİRİCİLİĞİ
Ereğli;YUKARIGÖNDELEN;HAYVANCILIK, ARI YETİŞTİRİCİLİĞİ, MANTAR YETİŞTİRİCİLİĞİ
Ereğli;HORTU;SEBZE YETİŞTİRİCİLİĞİ, HAYVANCILIK, TIBBİ VE AROMATİK BİTKİ YETİŞTİRİCİLİĞİ, TARLA BİTKİLERİ YETİŞTİRİCİLİĞİ
Ereğli;ACIKUYU;HAYVANCILIK
Güneysınır;GÜRAĞAÇ;MODERN BAĞCILIK
Güneysınır;AĞAÇOBA;KIRSALDAN KENTE GÜVENLİ GIDA, HAYVANCILIK
Güneysınır;ALANÖZÜ;MODERN BAĞCILIK, ARI YETİŞTİRİCİLİĞİ, ÇİLEK YETİŞTİRİCİLİĞİ, BİOTEKNİK MÜCADELE VE İYİ TARIM UYGULAMALARI
Güneysınır;AVCITEPE;HAYVANCILIK, TARLA BİTKİLERİ YETİŞTİRİCİLİĞİ
Güneysınır;AYDOĞMUŞ;HAYVANCILIK, TIBBİ VE AROMATİK BİTKİ YETİŞTİRİCİLİĞİ, TARLA BİTKİLERİ YETİŞTİRİCİLİĞİ
Güneysınır;HABİLLER;MODERN MEYVECİLİK, HAYVANCILIK
Güneysınır;KARAGÜNEY;HAYVANCILIK, MODERN BAĞCILIK, TARLA BİTKİLERİ YETİŞTİRİCİLİĞİ
Güneysınır;KAYAAĞZI;MODERN SULAMA SİSTEMLERİ, MODERN MEYVECİLİK, HAYVANCILIK, MODERN BAĞCILIK, ÇİLEK YETİŞTİRİCİLİĞİ
Güneysınır;KIZILÖZ;MODERN MEYVECİLİK, TARLA BİTKİLERİ YETİŞTİRİCİLİĞİ
Güneysınır;KURUKAVAK;MODERN MEYVECİLİK, ARI YETİŞTİRİCİLİĞİ
Güneysınır;MEHMET ALİ;SEBZE YETİŞTİRİCİLİĞİ, HAYVANCILIK, TIBBİ VE AROMATİK BİTKİ YETİŞTİRİCİLİĞİ
Güneysınır;ÖMEROĞLU;SEBZE YETİŞTİRİCİLİĞİ, MODERN MEYVECİLİK, MODERN BAĞCILIK, ARI YETİŞTİRİCİLİĞİ
Güneysınır;ÖRENBOYALI;SEBZE YETİŞTİRİCİLİĞİ, MODERN MEYVECİLİK
Güneysınır;SARIHACI;MODERN MEYVECİLİK, MODERN BAĞCILIK, ÇİLEK YETİŞTİRİCİLİĞİ
Hadim;AŞAĞIEŞENLER;MODERN MEYVECİLİK, MODERN BAĞCILIK, ARI YETİŞTİRİCİLİĞİ
Hadim;AŞAĞIKIZILKAYA;SEBZE YETİŞTİRİCİLİĞİ, MODERN MEYVECİLİK
Hadim;BADEMLİ;MODERN MEYVECİLİK
Hadim;BAĞBAŞI;SEBZE YETİŞTİRİCİLİĞİ, MODERN MEYVECİLİK, HAYVANCILIK, ARI YETİŞTİRİCİLİĞİ
Hadim;BEYRELİ;MODERN SULAMA SİSTEMLERİ, HAYVANCILIK, ARI YETİŞTİRİCİLİĞİ, ÇİLEK YETİŞTİRİCİLİĞİ
Hadim;BOLAT;KIRSALDAN KENTE GÜVENLİ GIDA, SEBZE YETİŞTİRİCİLİĞİ, MODERN MEYVECİLİK, HAYVANCILIK, MODERN BAĞCILIK, ARI YETİŞTİRİCİLİĞİ
Hadim;ÇİFTEPINAR;MODERN MEYVECİLİK, MODERN BAĞCILIK
Hadim;DEDEMLİ;YOK
Hadim;DÜLGERLER;TIBBİ VE AROMATİK BİTKİ YETİŞTİRİCİLİĞİ
Hadim;FAKILAR;HAYVANCILIK, MODERN BAĞCILIK
Hadim;GAZİLER;MODERN MEYVECİLİK, MODERN BAĞCILIK
Hadim;GÖYNÜKKIŞLA;MODERN MEYVECİLİK, MODERN BAĞCILIK
Hadim;GÜLPINAR;YOK
Hadim;İĞDEÖREN;YOK
Hadim;KALINAĞIL;KIRSALDAN KENTE GÜVENLİ GIDA, HAYVANCILIK, MODERN BAĞCILIK
Hadim;KAPLANLI;YOK
Hadim;GEZLEVİ;KIRSALDAN KENTE GÜVENLİ GIDA, SEBZE YETİŞTİRİCİLİĞİ, MODERN MEYVECİLİK, HAYVANCILIK, MODERN BAĞCILIK, ARI YETİŞTİRİCİLİĞİ
Hadim;KÜPLÜCE;YOK
Hadim;ODUNCU;SEBZE YETİŞTİRİCİLİĞİ, MODERN MEYVECİLİK, ARI YETİŞTİRİCİLİĞİ
Hadim;SARNIÇ;MODERN MEYVECİLİK
Hadim;SELAHATTİN;MODERN MEYVECİLİK, HAYVANCILIK, MODERN BAĞCILIK
Hadim;UMURLAR;HAYVANCILIK, ARI YETİŞTİRİCİLİĞİ
Hadim;YAĞCI;MODERN MEYVECİLİK, MODERN BAĞCILIK
Hadim;YALINÇEVRE;SEBZE YETİŞTİRİCİLİĞİ
Hadim;YELMEZ;MODERN MEYVECİLİK, MODERN BAĞCILIK
Hadim;YENİKONAK;MODERN MEYVECİLİK, HAYVANCILIK, MODERN BAĞCILIK
Hadim;YUKARIEŞENLER;MODERN MEYVECİLİK, MODERN BAĞCILIK
Halkapınar;İVRİZ;MODERN SULAMA SİSTEMLERİ, MODERN MEYVECİLİK, TARLA BİTKİLERİ YETİŞTİRİCİLİĞİ
Halkapınar;BÜYÜKDOĞAN;MODERN MEYVECİLİK, HAYVANCILIK, MODERN BAĞCILIK
Halkapınar;DEDELİ;MODERN MEYVECİLİK, HAYVANCILIK
Halkapınar;DELİMAHMUTLU;MODERN MEYVECİLİK, HAYVANCILIK, ARI YETİŞTİRİCİLİĞİ
Halkapınar;ESKİHİSAR;HAYVANCILIK
Halkapınar;KARAYUSUFLU;YOK
Halkapınar;KAYASARAY;MODERN MEYVECİLİK, HAYVANCILIK, ARI YETİŞTİRİCİLİĞİ
Halkapınar;KÖRLÜ;MODERN MEYVECİLİK, HAYVANCILIK
Halkapınar;KÜSERE;KIRSALDAN KENTE GÜVENLİ GIDA, HAYVANCILIK
Halkapınar;OSMANKÖSELİ;ARI YETİŞTİRİCİLİĞİ, ÇİLEK YETİŞTİRİCİLİĞİ, MANTAR YETİŞTİRİCİLİĞİ
Halkapınar;SEYDİFAKILI;HAYVANCILIK, ARI YETİŞTİRİCİLİĞİ, TARLA BİTKİLERİ YETİŞTİRİCİLİĞİ
Halkapınar;YASSIKAYA;MODERN SULAMA SİSTEMLERİ, SEBZE YETİŞTİRİCİLİĞİ
Halkapınar;YAYIKLI;MODERN SULAMA SİSTEMLERİ, KIRSALDAN KENTE GÜVENLİ GIDA, MODERN MEYVECİLİK, HAYVANCILIK, MODERN BAĞCILIK
Halkapınar;YEŞİLYURT;HAYVANCILIK, ARI YETİŞTİRİCİLİĞİ, MANTAR YETİŞTİRİCİLİĞİ
Halkapınar;ÇAKILLAR;YOK
Hüyük;BAŞLAMIŞ;MODERN SULAMA SİSTEMLERİ, SEBZE YETİŞTİRİCİLİĞİ, MODERN MEYVECİLİK, ARI YETİŞTİRİCİLİĞİ, ÇİLEK YETİŞTİRİCİLİĞİ
Hüyük;BUDAK;SEBZE YETİŞTİRİCİLİĞİ, MODERN MEYVECİLİK, HAYVANCILIK, ARI YETİŞTİRİCİLİĞİ, ÇİLEK YETİŞTİRİCİLİĞİ
Hüyük;BURUNSUZ;YOK
Hüyük;ÇAMLICA;MODERN MEYVECİLİK, HAYVANCILIK, MANTAR YETİŞTİRİCİLİĞİ
Hüyük;ÇAVUŞ;MODERN SULAMA SİSTEMLERİ, SEBZE YETİŞTİRİCİLİĞİ, MODERN MEYVECİLİK, ÇİLEK YETİŞTİRİCİLİĞİ
Hüyük;ÇUKURKENT;KIRSALDAN KENTE GÜVENLİ GIDA, MODERN MEYVECİLİK, HAYVANCILIK
Hüyük;DEĞİRMENALTI;ÇİLEK YETİŞTİRİCİLİĞİ
Hüyük;GÖÇERİ;SEBZE YETİŞTİRİCİLİĞİ, MODERN MEYVECİLİK, ÇİLEK YETİŞTİRİCİLİĞİ
Hüyük;GÖRÜNMEZ;MODERN SULAMA SİSTEMLERİ, HAYVANCILIK, ÇİLEK YETİŞTİRİCİLİĞİ
Hüyük;İLMEN;ÇİLEK YETİŞTİRİCİLİĞİ
Hüyük;İMRENLER;MODERN SULAMA SİSTEMLERİ, SEBZE YETİŞTİRİCİLİĞİ, TIBBİ VE AROMATİK BİTKİ YETİŞTİRİCİLİĞİ, ÇİLEK YETİŞTİRİCİLİĞİ
Hüyük;KIRELİ;MODERN SULAMA SİSTEMLERİ, SEBZE YETİŞTİRİCİLİĞİ, MODERN MEYVECİLİK, HAYVANCILIK
Hüyük;KÖŞK;MODERN SULAMA SİSTEMLERİ, SEBZE YETİŞTİRİCİLİĞİ, MODERN MEYVECİLİK, ARI YETİŞTİRİCİLİĞİ
Hüyük;MUTLU;HAYVANCILIK
Hüyük;PINARBAŞI;MODERN SULAMA SİSTEMLERİ, SEBZE YETİŞTİRİCİLİĞİ, ÇİLEK YETİŞTİRİCİLİĞİ
Hüyük;SELKİ;HAYVANCILIK
Hüyük;SULUDERE;MODERN SULAMA SİSTEMLERİ, SEBZE YETİŞTİRİCİLİĞİ, MODERN MEYVECİLİK, ARI YETİŞTİRİCİLİĞİ, ÇİLEK YETİŞTİRİCİLİĞİ
Hüyük;TOLCA;MODERN SULAMA SİSTEMLERİ, SEBZE YETİŞTİRİCİLİĞİ, HAYVANCILIK
Hüyük;YENİCE;MODERN SULAMA SİSTEMLERİ, SEBZE YETİŞTİRİCİLİĞİ, ÇİLEK YETİŞTİRİCİLİĞİ
Ilgın;ARGITHANI;SEBZE YETİŞTİRİCİLİĞİ, HAYVANCILIK, TIBBİ VE AROMATİK BİTKİ YETİŞTİRİCİLİĞİ, BİOTEKNİK MÜCADELE VE İYİ TARIM UYGULAMALARI
Ilgın;BEYKONAK;YOK
Ilgın;ÇAVUŞÇUGÖL;YOK
Ilgın;AĞALAR;HAYVANCILIK, TARLA BİTKİLERİ YETİŞTİRİCİLİĞİ
Ilgın;BALKI;HAYVANCILIK
Ilgın;BARAKMUSLU;MODERN MEYVECİLİK, HAYVANCILIK
Ilgın;BELEKLER;MODERN SULAMA SİSTEMLERİ, HAYVANCILIK, TARLA BİTKİLERİ YETİŞTİRİCİLİĞİ
Ilgın;BOĞAZKENT;MODERN SULAMA SİSTEMLERİ, KIRSALDAN KENTE GÜVENLİ GIDA, SEBZE YETİŞTİRİCİLİĞİ, TARLA BİTKİLERİ YETİŞTİRİCİLİĞİ
Ilgın;BULCUK;TARLA BİTKİLERİ YETİŞTİRİCİLİĞİ
Ilgın;BÜYÜKOBA;HAYVANCILIK
Ilgın;ÇİĞİL;MODERN SULAMA SİSTEMLERİ, SEBZE YETİŞTİRİCİLİĞİ, MODERN MEYVECİLİK, HAYVANCILIK
Ilgın;ÇATAK;KIRSALDAN KENTE GÜVENLİ GIDA, HAYVANCILIK
Ilgın;ÇOBANKAYA;TIBBİ VE AROMATİK BİTKİ YETİŞTİRİCİLİĞİ, TARLA BİTKİLERİ YETİŞTİRİCİLİĞİ
Ilgın;ÇÖMLEKCİ;MODERN SULAMA SİSTEMLERİ, KIRSALDAN KENTE GÜVENLİ GIDA, SEBZE YETİŞTİRİCİLİĞİ, HAYVANCILIK, TARLA BİTKİLERİ YETİŞTİRİCİLİĞİ
Ilgın;DEREKÖY;MODERN SULAMA SİSTEMLERİ, TARLA BİTKİLERİ YETİŞTİRİCİLİĞİ
Ilgın;DIĞRAK;MODERN SULAMA SİSTEMLERİ, SEBZE YETİŞTİRİCİLİĞİ, HAYVANCILIK, TARLA BİTKİLERİ YETİŞTİRİCİLİĞİ
Ilgın;DÜĞER;YOK
Ilgın;ELDEŞ;MODERN SULAMA SİSTEMLERİ, TARLA BİTKİLERİ YETİŞTİRİCİLİĞİ
Ilgın;GEÇİT;MODERN SULAMA SİSTEMLERİ, SEBZE YETİŞTİRİCİLİĞİ, MODERN MEYVECİLİK, HAYVANCILIK, TIBBİ VE AROMATİK BİTKİ YETİŞTİRİCİLİĞİ, TARLA BİTKİLERİ YETİŞTİRİCİLİĞİ
Ilgın;GEDİKÖREN;MODERN SULAMA SİSTEMLERİ, TARLA BİTKİLERİ YETİŞTİRİCİLİĞİ
Ilgın;GÖSTERE;HAYVANCILIK
Ilgın;GÖKÇEYURT;MODERN SULAMA SİSTEMLERİ, TARLA BİTKİLERİ YETİŞTİRİCİLİĞİ
Ilgın;GÖLYAKA;MODERN SULAMA SİSTEMLERİ, TARLA BİTKİLERİ YETİŞTİRİCİLİĞİ
Ilgın;GÖKBUDAK;MODERN SULAMA SİSTEMLERİ, KIRSALDAN KENTE GÜVENLİ GIDA, SEBZE YETİŞTİRİCİLİĞİ
Ilgın;GÜNEYPINAR;MODERN SULAMA SİSTEMLERİ, MODERN MEYVECİLİK, HAYVANCILIK, MODERN BAĞCILIK
Ilgın;HARMANYAZI;MODERN SULAMA SİSTEMLERİ, HAYVANCILIK, TARLA BİTKİLERİ YETİŞTİRİCİLİĞİ
Ilgın;İHSANİYE;KIRSALDAN KENTE GÜVENLİ GIDA, HAYVANCILIK, TIBBİ VE AROMATİK BİTKİ YETİŞTİRİCİLİĞİ
Ilgın;KAPAKLI;TARLA BİTKİLERİ YETİŞTİRİCİLİĞİ
Ilgın;KARAKÖY;MODERN SULAMA SİSTEMLERİ, KIRSALDAN KENTE GÜVENLİ GIDA, MODERN MEYVECİLİK, HAYVANCILIK
Ilgın;KALEKÖY;TARLA BİTKİLERİ YETİŞTİRİCİLİĞİ
Ilgın;MAHMUTHİSAR;MODERN SULAMA SİSTEMLERİ, MODERN MEYVECİLİK, HAYVANCILIK, TARLA BİTKİLERİ YETİŞTİRİCİLİĞİ
Ilgın;MECİDİYE;MODERN BAĞCILIK, TARLA BİTKİLERİ YETİŞTİRİCİLİĞİ
Ilgın;MİSAFİRLİ;YOK
Ilgın;OLUKPINAR;YOK
Ilgın;ORHANİYE;HAYVANCILIK, TARLA BİTKİLERİ YETİŞTİRİCİLİĞİ
Ilgın;ORMANÖZÜ;HAYVANCILIK, TARLA BİTKİLERİ YETİŞTİRİCİLİĞİ, BİOTEKNİK MÜCADELE VE İYİ TARIM UYGULAMALARI
Ilgın;SADIKKÖY;HAYVANCILIK, TARLA BİTKİLERİ YETİŞTİRİCİLİĞİ
Ilgın;SEBİLLER;YOK
Ilgın;TEKELER;HAYVANCILIK
Ilgın;YUKARIÇİĞİL;KIRSALDAN KENTE GÜVENLİ GIDA, ARI YETİŞTİRİCİLİĞİ, TIBBİ VE AROMATİK BİTKİ YETİŞTİRİCİLİĞİ
Ilgın;YORAZLAR;HAYVANCILIK
Ilgın;ZAFERİYE;MODERN SULAMA SİSTEMLERİ, SEBZE YETİŞTİRİCİLİĞİ, MODERN MEYVECİLİK, HAYVANCILIK
Ilgın;AVDAN;HAYVANCILIK, TARLA BİTKİLERİ YETİŞTİRİCİLİĞİ
Kadınhanı;OSMANCIK;HAYVANCILIK, TARLA BİTKİLERİ YETİŞTİRİCİLİĞİ
Kadınhanı;AFŞARLI;HAYVANCILIK, TARLA BİTKİLERİ YETİŞTİRİCİLİĞİ
Kadınhanı;ALABAĞ;HAYVANCILIK, TIBBİ VE AROMATİK BİTKİ YETİŞTİRİCİLİĞİ, TARLA BİTKİLERİ YETİŞTİRİCİLİĞİ
Kadınhanı;ATLANTI;MODERN SULAMA SİSTEMLERİ, TARLA BİTKİLERİ YETİŞTİRİCİLİĞİ
Kadınhanı;BAKIRPINAR;HAYVANCILIK
Kadınhanı;BAŞKUYU;MODERN MEYVECİLİK, HAYVANCILIK, TARLA BİTKİLERİ YETİŞTİRİCİLİĞİ
Kadınhanı;BAYRAMLI;TARLA BİTKİLERİ YETİŞTİRİCİLİĞİ
Kadınhanı;BEYKAVAĞI;TARLA BİTKİLERİ YETİŞTİRİCİLİĞİ
Kadınhanı;BULGURPINAR;YOK
Kadınhanı;ÇAVDAR;MODERN SULAMA SİSTEMLERİ, HAYVANCILIK, TARLA BİTKİLERİ YETİŞTİRİCİLİĞİ
Kadınhanı;ÇEŞMECİK;HAYVANCILIK, TARLA BİTKİLERİ YETİŞTİRİCİLİĞİ
Kadınhanı;ÇUBUK;HAYVANCILIK, TARLA BİTKİLERİ YETİŞTİRİCİLİĞİ
Kadınhanı;DEMİROLUK;SEBZE YETİŞTİRİCİLİĞİ, MODERN MEYVECİLİK, HAYVANCILIK, TARLA BİTKİLERİ YETİŞTİRİCİLİĞİ
Kadınhanı;HACIMEHMETLİ;HAYVANCILIK, TARLA BİTKİLERİ YETİŞTİRİCİLİĞİ
Kadınhanı;HACIOFLAZLAR;HAYVANCILIK, TARLA BİTKİLERİ YETİŞTİRİCİLİĞİ
Kadınhanı;HACIPİRLİ;HAYVANCILIK, TARLA BİTKİLERİ YETİŞTİRİCİLİĞİ
Kadınhanı;KABACALI;HAYVANCILIK
Kadınhanı;KAMIŞLIÖZÜ;MODERN SULAMA SİSTEMLERİ, TARLA BİTKİLERİ YETİŞTİRİCİLİĞİ
Kadınhanı;KARAHİSARLI;TARLA BİTKİLERİ YETİŞTİRİCİLİĞİ, BİOTEKNİK MÜCADELE VE İYİ TARIM UYGULAMALARI
Kadınhanı;KARAKURTLU;HAYVANCILIK, TARLA BİTKİLERİ YETİŞTİRİCİLİĞİ
Kadınhanı;KARASEVİNÇ;HAYVANCILIK, TARLA BİTKİLERİ YETİŞTİRİCİLİĞİ
Kadınhanı;KARAYÜRÜKLÜ;HAYVANCILIK
Kadınhanı;KIZILKUYU;HAYVANCILIK, ARI YETİŞTİRİCİLİĞİ
Kadınhanı;KOLUKISA;TARLA BİTKİLERİ YETİŞTİRİCİLİĞİ
Kadınhanı;KONURÖREN;HAYVANCILIK
Kadınhanı;KÖKEZ;TARLA BİTKİLERİ YETİŞTİRİCİLİĞİ
Kadınhanı;KÖYLÜTOLU;HAYVANCILIK, TARLA BİTKİLERİ YETİŞTİRİCİLİĞİ
Kadınhanı;KURTHASANLI;TARLA BİTKİLERİ YETİŞTİRİCİLİĞİ
Kadınhanı;KÜÇÜKKUYU;YOK
Kadınhanı;MAHMUDİYE;TARLA BİTKİLERİ YETİŞTİRİCİLİĞİ
Kadınhanı;MEYDANLI;MODERN SULAMA SİSTEMLERİ, HAYVANCILIK
Kadınhanı;ÖRNEK;HAYVANCILIK, TARLA BİTKİLERİ YETİŞTİRİCİLİĞİ
Kadınhanı;PİRALİ;HAYVANCILIK, TARLA BİTKİLERİ YETİŞTİRİCİLİĞİ
Kadınhanı;PUSAT;SEBZE YETİŞTİRİCİLİĞİ, MODERN MEYVECİLİK, HAYVANCILIK
Kadınhanı;SAÇIKARA;MODERN SULAMA SİSTEMLERİ, TARLA BİTKİLERİ YETİŞTİRİCİLİĞİ
Kadınhanı;SARIKAYA;YOK
Kadınhanı;SÖĞÜTÖZÜ;HAYVANCILIK, ARI YETİŞTİRİCİLİĞİ, TIBBİ VE AROMATİK BİTKİ YETİŞTİRİCİLİĞİ, TARLA BİTKİLERİ YETİŞTİRİCİLİĞİ
Kadınhanı;ŞAHÖREN;HAYVANCILIK, ARI YETİŞTİRİCİLİĞİ, TARLA BİTKİLERİ YETİŞTİRİCİLİĞİ
Kadınhanı;TOSUNOĞLU;MODERN SULAMA SİSTEMLERİ, MODERN MEYVECİLİK, TARLA BİTKİLERİ YETİŞTİRİCİLİĞİ
Kadınhanı;YAĞLICA;HAYVANCILIK, TARLA BİTKİLERİ YETİŞTİRİCİLİĞİ
Kadınhanı;YAYLAYAKA;HAYVANCILIK, TARLA BİTKİLERİ YETİŞTİRİCİLİĞİ
Karapınar;HOTAMIŞ;MODERN SULAMA SİSTEMLERİ, HAYVANCILIK, TARLA BİTKİLERİ YETİŞTİRİCİLİĞİ
Karapınar;KESMEZ;HAYVANCILIK
Karapınar;AKÇAYAZI;KIRSALDAN KENTE GÜVENLİ GIDA, HAYVANCILIK
Karapınar;AKÖREN;SEBZE YETİŞTİRİCİLİĞİ, MODERN BAĞCILIK, ARI YETİŞTİRİCİLİĞİ
Karapınar;ÇİĞİL;TIBBİ VE AROMATİK BİTKİ YETİŞTİRİCİLİĞİ, TARLA BİTKİLERİ YETİŞTİRİCİLİĞİ, BİOTEKNİK MÜCADELE VE İYİ TARIM UYGULAMALARI
Karapınar;HASANOBA;MODERN SULAMA SİSTEMLERİ, HAYVANCILIK
Karapınar;İSLİK;HAYVANCILIK, TARLA BİTKİLERİ YETİŞTİRİCİLİĞİ
Karapınar;KARAKIŞLA;HAYVANCILIK, TARLA BİTKİLERİ YETİŞTİRİCİLİĞİ
Karapınar;KAYACIK;MODERN MEYVECİLİK, HAYVANCILIK, TARLA BİTKİLERİ YETİŞTİRİCİLİĞİ
Karapınar;KAYALI;HAYVANCILIK, TARLA BİTKİLERİ YETİŞTİRİCİLİĞİ, BİOTEKNİK MÜCADELE VE İYİ TARIM UYGULAMALARI
Karapınar;KAZANHÜYÜĞÜ;HAYVANCILIK, TARLA BİTKİLERİ YETİŞTİRİCİLİĞİ
Karapınar;KÜÇÜKAŞLAMA;HAYVANCILIK, TIBBİ VE AROMATİK BİTKİ YETİŞTİRİCİLİĞİ
Karapınar;ORTAOBA;YOK
Karapınar;OYMALI;SEBZE YETİŞTİRİCİLİĞİ, MODERN MEYVECİLİK, HAYVANCILIK
Karapınar;SAZLIPINAR;HAYVANCILIK, TARLA BİTKİLERİ YETİŞTİRİCİLİĞİ
Karapınar;YAĞMAPINAR;SEBZE YETİŞTİRİCİLİĞİ, HAYVANCILIK
Karapınar;YENİKUYU;MODERN SULAMA SİSTEMLERİ, HAYVANCILIK, TARLA BİTKİLERİ YETİŞTİRİCİLİĞİ
Karapınar;YEŞİLYURT;MODERN SULAMA SİSTEMLERİ, HAYVANCILIK, TARLA BİTKİLERİ YETİŞTİRİCİLİĞİ
Karatay;YARMA;HAYVANCILIK
Karatay;ACIDORT;YOK
Karatay;AĞSAKLI;HAYVANCILIK, TARLA BİTKİLERİ YETİŞTİRİCİLİĞİ
Karatay;AKBAŞ;YOK
Karatay;AKÖRENKIŞLA;TARLA BİTKİLERİ YETİŞTİRİCİLİĞİ
Karatay;BAKIRTOLU;YOK
Karatay;BAŞGÖTÜREN;YOK
Karatay;BEŞAĞIL;TARLA BİTKİLERİ YETİŞTİRİCİLİĞİ
Karatay;BÜYÜKBURNAK;YOK
Karatay;ÇENGİLTİ;MODERN SULAMA SİSTEMLERİ, TARLA BİTKİLERİ YETİŞTİRİCİLİĞİ
Karatay;DİVANLAR;YOK
Karatay;ESENTEPE;HAYVANCILIK
Karatay;GÖÇÜ;YOK
Karatay;HAYIROĞLU MERKEZ;HAYVANCILIK, TARLA BİTKİLERİ YETİŞTİRİCİLİĞİ
Karatay;İPEKLER;HAYVANCILIK, TARLA BİTKİLERİ YETİŞTİRİCİLİĞİ
Karatay;İSMİL;MODERN SULAMA SİSTEMLERİ, HAYVANCILIK, TARLA BİTKİLERİ YETİŞTİRİCİLİĞİ
Karatay;KARADONA;KIRSALDAN KENTE GÜVENLİ GIDA
Karatay;KARAKAYA;KIRSALDAN KENTE GÜVENLİ GIDA, TARLA BİTKİLERİ YETİŞTİRİCİLİĞİ
Karatay;KATRANCI;HAYVANCILIK, TARLA BİTKİLERİ YETİŞTİRİCİLİĞİ
Karatay;KIZÖREN;HAYVANCILIK
Karatay;KÖSEALİ;HAYVANCILIK, TARLA BİTKİLERİ YETİŞTİRİCİLİĞİ
Karatay;OBRUK;TARLA BİTKİLERİ YETİŞTİRİCİLİĞİ
Karatay;OVAKAVAĞI;TARLA BİTKİLERİ YETİŞTİRİCİLİĞİ
Karatay;SAKYATAN;HAYVANCILIK, TARLA BİTKİLERİ YETİŞTİRİCİLİĞİ
Karatay;SÜRÜÇ;TARLA BİTKİLERİ YETİŞTİRİCİLİĞİ
Karatay;ŞATIR;YOK
Karatay;YAĞLIBAYAT;YOK
Karatay;YAVŞANKUYU;TARLA BİTKİLERİ YETİŞTİRİCİLİĞİ
Karatay;YENİCE;YOK
Karatay;YENİKENT;TARLA BİTKİLERİ YETİŞTİRİCİLİĞİ
Karatay;ZİNCİRLİ;TARLA BİTKİLERİ YETİŞTİRİCİLİĞİ
Kulu;ACIKUYU;YOK
Kulu;AĞILBAŞI;HAYVANCILIK
Kulu;ALTILAR;HAYVANCILIK, TARLA BİTKİLERİ YETİŞTİRİCİLİĞİ
Kulu;ARŞINCA;TARLA BİTKİLERİ YETİŞTİRİCİLİĞİ
Kulu;BEŞKARDEŞ;HAYVANCILIK, TARLA BİTKİLERİ YETİŞTİRİCİLİĞİ
Kulu;BOĞAZÖREN;YOK
Kulu;BOZAN;HAYVANCILIK, TIBBİ VE AROMATİK BİTKİ YETİŞTİRİCİLİĞİ, TARLA BİTKİLERİ YETİŞTİRİCİLİĞİ, BİOTEKNİK MÜCADELE VE İYİ TARIM UYGULAMALARI
Kulu;BURUNAĞIL;YOK
Kulu;CANIMANA;HAYVANCILIK
Kulu;CELEP;HAYVANCILIK
Kulu;DİPDEDE;HAYVANCILIK, TARLA BİTKİLERİ YETİŞTİRİCİLİĞİ
Kulu;DOĞUTEPE;YOK
Kulu;FEVZİYE;HAYVANCILIK
Kulu;GÖKLER;YOK
Kulu;GÜZELYAYLA;HAYVANCILIK
Kulu;HİSAR;TIBBİ VE AROMATİK BİTKİ YETİŞTİRİCİLİĞİ, TARLA BİTKİLERİ YETİŞTİRİCİLİĞİ
Kulu;KARACADAĞ;KIRSALDAN KENTE GÜVENLİ GIDA, HAYVANCILIK, TIBBİ VE AROMATİK BİTKİ YETİŞTİRİCİLİĞİ
Kulu;KARACADERE;HAYVANCILIK, TARLA BİTKİLERİ YETİŞTİRİCİLİĞİ
Kulu;KIRKKUYU;TIBBİ VE AROMATİK BİTKİ YETİŞTİRİCİLİĞİ, TARLA BİTKİLERİ YETİŞTİRİCİLİĞİ
Kulu;KIRKPINAR;YOK
Kulu;KOZANLI;HAYVANCILIK
Kulu;KÖMÜŞİNİ;HAYVANCILIK, ARI YETİŞTİRİCİLİĞİ
Kulu;KÖŞKER;HAYVANCILIK, TARLA BİTKİLERİ YETİŞTİRİCİLİĞİ
Kulu;SARIYAYLA;YOK
Kulu;SEYİTAHMETLİ;HAYVANCILIK, TARLA BİTKİLERİ YETİŞTİRİCİLİĞİ
Kulu;SOĞUKKUYU;HAYVANCILIK, ARI YETİŞTİRİCİLİĞİ, TARLA BİTKİLERİ YETİŞTİRİCİLİĞİ
Kulu;ŞEREFLİ;HAYVANCILIK
Kulu;TAVLIÖREN;YOK
Kulu;ÖMERANLI;HAYVANCILIK, TARLA BİTKİLERİ YETİŞTİRİCİLİĞİ
Kulu;TUZYAKA;HAYVANCILIK, TIBBİ VE AROMATİK BİTKİ YETİŞTİRİCİLİĞİ
Kulu;YARAŞLI;MODERN MEYVECİLİK, HAYVANCILIK, MANTAR YETİŞTİRİCİLİĞİ
Kulu;YAZIÇAYIR;HAYVANCILIK, ARI YETİŞTİRİCİLİĞİ, TARLA BİTKİLERİ YETİŞTİRİCİLİĞİ
Kulu;YEŞİLTEPE;HAYVANCILIK, TARLA BİTKİLERİ YETİŞTİRİCİLİĞİ
Kulu;YEŞİLYURT;MODERN SULAMA SİSTEMLERİ, TIBBİ VE AROMATİK BİTKİ YETİŞTİRİCİLİĞİ, TARLA BİTKİLERİ YETİŞTİRİCİLİĞİ
Kulu;ZİNCİRLİKUYU;HAYVANCILIK, TARLA BİTKİLERİ YETİŞTİRİCİLİĞİ
Kulu;BAHADIRLI;HAYVANCILIK
Kulu;DEĞİRMENÖZÜ;TARLA BİTKİLERİ YETİŞTİRİCİLİĞİ
Meram;ERENKAYA;HAYVANCILIK, TARLA BİTKİLERİ YETİŞTİRİCİLİĞİ
Meram;YATAĞAN;SEBZE YETİŞTİRİCİLİĞİ, HAYVANCILIK
Meram;GÖKYURT;MODERN SULAMA SİSTEMLERİ, KIRSALDAN KENTE GÜVENLİ GIDA, TARLA BİTKİLERİ YETİŞTİRİCİLİĞİ
Meram;BAYAT;SEBZE YETİŞTİRİCİLİĞİ, HAYVANCILIK
Meram;BORUKTOLU;SEBZE YETİŞTİRİCİLİĞİ, HAYVANCILIK, TARLA BİTKİLERİ YETİŞTİRİCİLİĞİ
Meram;BOTSA;SEBZE YETİŞTİRİCİLİĞİ, HAYVANCILIK, ARI YETİŞTİRİCİLİĞİ
Meram;ÇAYIRBAĞI;MODERN SULAMA SİSTEMLERİ, SEBZE YETİŞTİRİCİLİĞİ, MODERN MEYVECİLİK, HAYVANCILIK
Meram;ÇOMAKLAR;MODERN MEYVECİLİK, MANTAR YETİŞTİRİCİLİĞİ
Meram;ÇUKURÇİMEN;MODERN SULAMA SİSTEMLERİ, MODERN MEYVECİLİK, HAYVANCILIK
Meram;EVLİYATEKKE;MODERN SULAMA SİSTEMLERİ, SEBZE YETİŞTİRİCİLİĞİ, ÇİLEK YETİŞTİRİCİLİĞİ
Meram;HATUNSARAY;MODERN SULAMA SİSTEMLERİ, SEBZE YETİŞTİRİCİLİĞİ, MODERN MEYVECİLİK
Meram;İKİPINAR;HAYVANCILIK
Meram;İLYASBABA;HAYVANCILIK
Meram;İNLİCE;SEBZE YETİŞTİRİCİLİĞİ, HAYVANCILIK
Meram;KARAAĞAÇ;TIBBİ VE AROMATİK BİTKİ YETİŞTİRİCİLİĞİ
Meram;KAVAK;MODERN SULAMA SİSTEMLERİ, MODERN MEYVECİLİK, HAYVANCILIK, TARLA BİTKİLERİ YETİŞTİRİCİLİĞİ
Meram;KAYADİBİ;SEBZE YETİŞTİRİCİLİĞİ, HAYVANCILIK
Meram;KAYALI;MODERN SULAMA SİSTEMLERİ, KIRSALDAN KENTE GÜVENLİ GIDA, SEBZE YETİŞTİRİCİLİĞİ, HAYVANCILIK
Meram;KAYHÜYÜK;HAYVANCILIK
Meram;KIZILÖREN;SEBZE YETİŞTİRİCİLİĞİ, HAYVANCILIK, TARLA BİTKİLERİ YETİŞTİRİCİLİĞİ
Meram;KUMRALI;HAYVANCILIK, ARI YETİŞTİRİCİLİĞİ
Meram;SADIKLAR;MODERN SULAMA SİSTEMLERİ
Meram;SAĞLIK;MODERN SULAMA SİSTEMLERİ, SEBZE YETİŞTİRİCİLİĞİ, MODERN MEYVECİLİK, HAYVANCILIK
Meram;SARIKIZ;SEBZE YETİŞTİRİCİLİĞİ, HAYVANCILIK, TARLA BİTKİLERİ YETİŞTİRİCİLİĞİ
Meram;SEFAKÖY;MODERN SULAMA SİSTEMLERİ, SEBZE YETİŞTİRİCİLİĞİ, MODERN MEYVECİLİK, ÇİLEK YETİŞTİRİCİLİĞİ
Meram;YEŞİLDERE;ARI YETİŞTİRİCİLİĞİ, TIBBİ VE AROMATİK BİTKİ YETİŞTİRİCİLİĞİ
Meram;YEŞİLTEKKE;MODERN SULAMA SİSTEMLERİ, SEBZE YETİŞTİRİCİLİĞİ, MODERN MEYVECİLİK, HAYVANCILIK
Meram;KAŞINHANI;YOK
Sarayönü;LADİK;SEBZE YETİŞTİRİCİLİĞİ, HAYVANCILIK, TIBBİ VE AROMATİK BİTKİ YETİŞTİRİCİLİĞİ, TARLA BİTKİLERİ YETİŞTİRİCİLİĞİ
Sarayönü;BAHÇESARAY;MODERN SULAMA SİSTEMLERİ, MODERN MEYVECİLİK, HAYVANCILIK, TARLA BİTKİLERİ YETİŞTİRİCİLİĞİ
Sarayönü;BAŞHÜYÜK;SEBZE YETİŞTİRİCİLİĞİ, MODERN MEYVECİLİK, HAYVANCILIK
Sarayönü;BOYALI;KIRSALDAN KENTE GÜVENLİ GIDA, HAYVANCILIK
Sarayönü;BÜYÜKZENGİ;SEBZE YETİŞTİRİCİLİĞİ, MODERN MEYVECİLİK, HAYVANCILIK
Sarayönü;ÇEŞMELİSEBİL;MODERN SULAMA SİSTEMLERİ, HAYVANCILIK, TARLA BİTKİLERİ YETİŞTİRİCİLİĞİ
Sarayönü;DEĞİRMENLİ;MODERN SULAMA SİSTEMLERİ, HAYVANCILIK, TARLA BİTKİLERİ YETİŞTİRİCİLİĞİ
Sarayönü;ERTUĞRUL;SEBZE YETİŞTİRİCİLİĞİ, MODERN MEYVECİLİK, HAYVANCILIK, TARLA BİTKİLERİ YETİŞTİRİCİLİĞİ
Sarayönü;GÖZLÜ;HAYVANCILIK, TARLA BİTKİLERİ YETİŞTİRİCİLİĞİ
Sarayönü;KADIOĞLU;HAYVANCILIK
Sarayönü;KARABIYIK;HAYVANCILIK
Sarayönü;KARATEPE;HAYVANCILIK
Sarayönü;KAYIÖREN;HAYVANCILIK
Sarayönü;KONAR;HAYVANCILIK
Sarayönü;KURŞUNLU;YOK
Sarayönü;KUYULUSEBİL;HAYVANCILIK
Sarayönü;ÖZKENT;HAYVANCILIK
Sarayönü;YENİCEKAYA;YOK
Selçuklu;BAŞARAKAVAK;HAYVANCILIK
Selçuklu;hasan;
Selçuklu;SARAYKÖY;SEBZE YETİŞTİRİCİLİĞİ, MODERN BAĞCILIK, TIBBİ VE AROMATİK BİTKİ YETİŞTİRİCİLİĞİ, TARLA BİTKİLERİ YETİŞTİRİCİLİĞİ
Selçuklu;SULUTAS;YOK
Selçuklu;TATKÖY;TARLA BİTKİLERİ YETİŞTİRİCİLİĞİ
Selçuklu;AKPINAR;HAYVANCILIK
Selçuklu;BAĞRIKURT;HAYVANCILIK
Selçuklu;BİÇER;KIRSALDAN KENTE GÜVENLİ GIDA, HAYVANCILIK, TIBBİ VE AROMATİK BİTKİ YETİŞTİRİCİLİĞİ, TARLA BİTKİLERİ YETİŞTİRİCİLİĞİ
Selçuklu;ÇALDERE;YOK
Selçuklu;ÇALTI;HAYVANCILIK, TIBBİ VE AROMATİK BİTKİ YETİŞTİRİCİLİĞİ, TARLA BİTKİLERİ YETİŞTİRİCİLİĞİ, BİOTEKNİK MÜCADELE VE İYİ TARIM UYGULAMALARI
Selçuklu;ÇANDIR;YOK
Selçuklu;DAĞDERE;YOK
Selçuklu;EĞRİBAYAT;MODERN SULAMA SİSTEMLERİ, SEBZE YETİŞTİRİCİLİĞİ, MODERN MEYVECİLİK, HAYVANCILIK
Selçuklu;GÜVENÇ;YOK
Selçuklu;KALE;MODERN SULAMA SİSTEMLERİ
Selçuklu;KARAÖMERLER;HAYVANCILIK, TIBBİ VE AROMATİK BİTKİ YETİŞTİRİCİLİĞİ, TARLA BİTKİLERİ YETİŞTİRİCİLİĞİ
Selçuklu;KERVAN;YOK
Selçuklu;KINIK;YOK
Selçuklu;KIZILCAKUYU;YOK
Selçuklu;MEYDAN;SEBZE YETİŞTİRİCİLİĞİ, HAYVANCILIK
Selçuklu;SELAHATTİN;SEBZE YETİŞTİRİCİLİĞİ, ARI YETİŞTİRİCİLİĞİ, ÇİLEK YETİŞTİRİCİLİĞİ
Selçuklu;SIZMA;YOK
Selçuklu;TEPEKENT;KIRSALDAN KENTE GÜVENLİ GIDA, SEBZE YETİŞTİRİCİLİĞİ, HAYVANCILIK, TIBBİ VE AROMATİK BİTKİ YETİŞTİRİCİLİĞİ, ÇİLEK YETİŞTİRİCİLİĞİ, TARLA BİTKİLERİ YETİŞTİRİCİLİĞİ
Selçuklu;ULUMUHSİNE;SEBZE YETİŞTİRİCİLİĞİ, MODERN MEYVECİLİK, BİOTEKNİK MÜCADELE VE İYİ TARIM UYGULAMALARI
Selçuklu;YAZIBELEN;YOK
Selçuklu;SİLLE;KIRSALDAN KENTE GÜVENLİ GIDA
Selçuklu;ARDIÇLI;YOK
Selçuklu;AŞAĞIPINARBAŞI;HAYVANCILIK, TARLA BİTKİLERİ YETİŞTİRİCİLİĞİ
Selçuklu;YUKARIPINARBAŞI;KIRSALDAN KENTE GÜVENLİ GIDA
Selçuklu;KÜÇÜKMUHSİNE;SEBZE YETİŞTİRİCİLİĞİ, HAYVANCILIK
Selçuklu;SARICALAR;HAYVANCILIK, TARLA BİTKİLERİ YETİŞTİRİCİLİĞİ
Selçuklu;TÖMEK;TARLA BİTKİLERİ YETİŞTİRİCİLİĞİ
Selçuklu;YÜKSELEN;YOK
Selçuklu;Mehmet Fatih;
Seydişehir;KESECİK;MODERN SULAMA SİSTEMLERİ, SEBZE YETİŞTİRİCİLİĞİ, HAYVANCILIK
Seydişehir;AKÇALAR;HAYVANCILIK, TIBBİ VE AROMATİK BİTKİ YETİŞTİRİCİLİĞİ, TARLA BİTKİLERİ YETİŞTİRİCİLİĞİ
Seydişehir;AŞAĞIKARAÖREN;MODERN SULAMA SİSTEMLERİ, SEBZE YETİŞTİRİCİLİĞİ, HAYVANCILIK
Seydişehir;BAŞKARAÖREN;MODERN SULAMA SİSTEMLERİ, SEBZE YETİŞTİRİCİLİĞİ, HAYVANCILIK
Seydişehir;BOSTANDERE;SEBZE YETİŞTİRİCİLİĞİ, ARI YETİŞTİRİCİLİĞİ
Seydişehir;BOYALI;MODERN SULAMA SİSTEMLERİ, SEBZE YETİŞTİRİCİLİĞİ, MODERN MEYVECİLİK, MODERN BAĞCILIK
Seydişehir;BÜKÇE;MODERN SULAMA SİSTEMLERİ, HAYVANCILIK, TARLA BİTKİLERİ YETİŞTİRİCİLİĞİ
Seydişehir;ÇAT;MODERN SULAMA SİSTEMLERİ, SEBZE YETİŞTİRİCİLİĞİ
Seydişehir;ÇATMAKAYA;MODERN SULAMA SİSTEMLERİ, SEBZE YETİŞTİRİCİLİĞİ, HAYVANCILIK, ÇİLEK YETİŞTİRİCİLİĞİ
Seydişehir;ÇAVUŞ;MODERN SULAMA SİSTEMLERİ, HAYVANCILIK
Seydişehir;DİKİLİTAŞ;HAYVANCILIK, ÇİLEK YETİŞTİRİCİLİĞİ
Seydişehir;GEVREKLİ;SEBZE YETİŞTİRİCİLİĞİ, MODERN BAĞCILIK
Seydişehir;GÖKÇEHÜYÜK;MODERN SULAMA SİSTEMLERİ, HAYVANCILIK, ÇİLEK YETİŞTİRİCİLİĞİ
Seydişehir;GÖKHÜYÜK;SEBZE YETİŞTİRİCİLİĞİ, HAYVANCILIK, TARLA BİTKİLERİ YETİŞTİRİCİLİĞİ
Seydişehir;GÖLYÜZÜ;TARLA BİTKİLERİ YETİŞTİRİCİLİĞİ, BİOTEKNİK MÜCADELE VE İYİ TARIM UYGULAMALARI
Seydişehir;IRMAKLI;MODERN SULAMA SİSTEMLERİ, HAYVANCILIK, TARLA BİTKİLERİ YETİŞTİRİCİLİĞİ
Seydişehir;İNCESU;MODERN SULAMA SİSTEMLERİ, SEBZE YETİŞTİRİCİLİĞİ, HAYVANCILIK
Seydişehir;KARABULAK;YOK
Seydişehir;KARACAÖREN;MODERN SULAMA SİSTEMLERİ, SEBZE YETİŞTİRİCİLİĞİ
Seydişehir;KAVAK;KIRSALDAN KENTE GÜVENLİ GIDA, HAYVANCILIK
Seydişehir;KETENLİ;MODERN SULAMA SİSTEMLERİ, SEBZE YETİŞTİRİCİLİĞİ, ÇİLEK YETİŞTİRİCİLİĞİ, TARLA BİTKİLERİ YETİŞTİRİCİLİĞİ
Seydişehir;KIZILCA;MODERN SULAMA SİSTEMLERİ, SEBZE YETİŞTİRİCİLİĞİ, MODERN MEYVECİLİK
Seydişehir;KOZLU;YOK
Seydişehir;KUMLUCA;MODERN SULAMA SİSTEMLERİ, SEBZE YETİŞTİRİCİLİĞİ, MODERN MEYVECİLİK
Seydişehir;KURAN;MODERN SULAMA SİSTEMLERİ, SEBZE YETİŞTİRİCİLİĞİ, MODERN MEYVECİLİK
Seydişehir;MADENLİ;YOK
Seydişehir;MESUDİYE;MODERN SULAMA SİSTEMLERİ, ARI YETİŞTİRİCİLİĞİ, ÇİLEK YETİŞTİRİCİLİĞİ
Seydişehir;MURADİYE;HAYVANCILIK, TARLA BİTKİLERİ YETİŞTİRİCİLİĞİ
Seydişehir;OĞLAKÇI;KIRSALDAN KENTE GÜVENLİ GIDA, SEBZE YETİŞTİRİCİLİĞİ, HAYVANCILIK
Seydişehir;ORTAKARAÖREN;MODERN SULAMA SİSTEMLERİ, TARLA BİTKİLERİ YETİŞTİRİCİLİĞİ
Seydişehir;SARAYCIK;MODERN SULAMA SİSTEMLERİ, SEBZE YETİŞTİRİCİLİĞİ, MODERN MEYVECİLİK
Seydişehir;SUSUZ;MODERN SULAMA SİSTEMLERİ, TARLA BİTKİLERİ YETİŞTİRİCİLİĞİ
Seydişehir;TARAŞÇI;YOK
Seydişehir;TAŞAĞIL;TARLA BİTKİLERİ YETİŞTİRİCİLİĞİ
Seydişehir;TEPECİK;MODERN SULAMA SİSTEMLERİ, SEBZE YETİŞTİRİCİLİĞİ, MODERN MEYVECİLİK, HAYVANCILIK
Seydişehir;TOL;MODERN SULAMA SİSTEMLERİ, SEBZE YETİŞTİRİCİLİĞİ, TARLA BİTKİLERİ YETİŞTİRİCİLİĞİ
Seydişehir;UFACIK;HAYVANCILIK, ARI YETİŞTİRİCİLİĞİ
Seydişehir;YAYLACIK;HAYVANCILIK, ÇİLEK YETİŞTİRİCİLİĞİ, TARLA BİTKİLERİ YETİŞTİRİCİLİĞİ
Seydişehir;YENİCE;YOK
Taşkent;AFŞAR;MODERN MEYVECİLİK
Taşkent;BALCILAR;SEBZE YETİŞTİRİCİLİĞİ, MODERN MEYVECİLİK
Taşkent;BOLAY;HAYVANCILIK
Taşkent;ÇETMİ;YOK
Taşkent;KECİMEN;YOK
Taşkent;KONGUL;MODERN MEYVECİLİK
Taşkent;SAZAK;SEBZE YETİŞTİRİCİLİĞİ, MODERN MEYVECİLİK, HAYVANCILIK
Taşkent;ILICAPINAR;KIRSALDAN KENTE GÜVENLİ GIDA
Tuzlukçu;KONARI;HAYVANCILIK
Tuzlukçu;MEVLÜTLÜ;HAYVANCILIK
Tuzlukçu;KORAŞI;HAYVANCILIK
Tuzlukçu;ÇÖĞÜRLÜ;MODERN SULAMA SİSTEMLERİ
Tuzlukçu;TURSUNLU;MODERN SULAMA SİSTEMLERİ, HAYVANCILIK, TARLA BİTKİLERİ YETİŞTİRİCİLİĞİ
Tuzlukçu;KUNDULLU;KIRSALDAN KENTE GÜVENLİ GIDA
Tuzlukçu;PAZARKAYA;HAYVANCILIK, TARLA BİTKİLERİ YETİŞTİRİCİLİĞİ
Tuzlukçu;SUBATAN;HAYVANCILIK
Tuzlukçu;GÜRSU;YOK
Tuzlukçu;ERDOĞDU;HAYVANCILIK, TARLA BİTKİLERİ YETİŞTİRİCİLİĞİ
Tuzlukçu;KÖKLÜCE;HAYVANCILIK
Yalıhüyük;SARAY;YOK
Yalıhüyük;ARASÖĞÜT;YOK
Yunak;KUZÖREN;YOK
Yunak;KOÇYAZI;KIRSALDAN KENTE GÜVENLİ GIDA, HAYVANCILIK, TIBBİ VE AROMATİK BİTKİ YETİŞTİRİCİLİĞİ, TARLA BİTKİLERİ YETİŞTİRİCİLİĞİ
Yunak;TURGUT;MODERN SULAMA SİSTEMLERİ, TIBBİ VE AROMATİK BİTKİ YETİŞTİRİCİLİĞİ, TARLA BİTKİLERİ YETİŞTİRİCİLİĞİ
Yunak;PİRİBEYLİ;HAYVANCILIK, TIBBİ VE AROMATİK BİTKİ YETİŞTİRİCİLİĞİ, TARLA BİTKİLERİ YETİŞTİRİCİLİĞİ
Yunak;SÜLÜKLÜ;HAYVANCILIK
Yunak;ALTINÖZ;MODERN SULAMA SİSTEMLERİ, HAYVANCILIK, TARLA BİTKİLERİ YETİŞTİRİCİLİĞİ
Yunak;AYRITEPE;HAYVANCILIK, TIBBİ VE AROMATİK BİTKİ YETİŞTİRİCİLİĞİ
Yunak;BEŞIŞIKLI;MODERN SULAMA SİSTEMLERİ, HAYVANCILIK, TARLA BİTKİLERİ YETİŞTİRİCİLİĞİ
Yunak;CEBRAİL;YOK
Yunak;ÇAYIRBAŞI;MODERN SULAMA SİSTEMLERİ, KIRSALDAN KENTE GÜVENLİ GIDA, HAYVANCILIK, TIBBİ VE AROMATİK BİTKİ YETİŞTİRİCİLİĞİ
Yunak;EĞRİKUYU;MODERN SULAMA SİSTEMLERİ, MODERN MEYVECİLİK, ARI YETİŞTİRİCİLİĞİ
Yunak;HACIÖMEROĞLU;MODERN SULAMA SİSTEMLERİ, TIBBİ VE AROMATİK BİTKİ YETİŞTİRİCİLİĞİ
Yunak;HATIRLI;HAYVANCILIK, TIBBİ VE AROMATİK BİTKİ YETİŞTİRİCİLİĞİ
Yunak;HACIFAKILI;MODERN SULAMA SİSTEMLERİ, TARLA BİTKİLERİ YETİŞTİRİCİLİĞİ, BİOTEKNİK MÜCADELE VE İYİ TARIM UYGULAMALARI
Yunak;HARUNLAR;MODERN SULAMA SİSTEMLERİ, HAYVANCILIK, TIBBİ VE AROMATİK BİTKİ YETİŞTİRİCİLİĞİ
Yunak;HURSUNLU;MODERN SULAMA SİSTEMLERİ, HAYVANCILIK, TIBBİ VE AROMATİK BİTKİ YETİŞTİRİCİLİĞİ
Yunak;İMAMOĞLU;MODERN SULAMA SİSTEMLERİ, HAYVANCILIK, TIBBİ VE AROMATİK BİTKİ YETİŞTİRİCİLİĞİ
Yunak;KARGALI;HAYVANCILIK, TARLA BİTKİLERİ YETİŞTİRİCİLİĞİ
Yunak;KARAYAYLA;MODERN SULAMA SİSTEMLERİ, HAYVANCILIK, TIBBİ VE AROMATİK BİTKİ YETİŞTİRİCİLİĞİ
Yunak;KILLAR;TIBBİ VE AROMATİK BİTKİ YETİŞTİRİCİLİĞİ, TARLA BİTKİLERİ YETİŞTİRİCİLİĞİ, BİOTEKNİK MÜCADELE VE İYİ TARIM UYGULAMALARI
Yunak;KURTUŞAĞI;HAYVANCILIK, TIBBİ VE AROMATİK BİTKİ YETİŞTİRİCİLİĞİ
Yunak;KUYUBAŞI;HAYVANCILIK
Yunak;MEŞELİK;MODERN MEYVECİLİK, HAYVANCILIK, TIBBİ VE AROMATİK BİTKİ YETİŞTİRİCİLİĞİ
Yunak;ODABAŞI;MODERN SULAMA SİSTEMLERİ, HAYVANCILIK, TIBBİ VE AROMATİK BİTKİ YETİŞTİRİCİLİĞİ
Yunak;ORTAKIŞLA;MODERN SULAMA SİSTEMLERİ, TARLA BİTKİLERİ YETİŞTİRİCİLİĞİ
Yunak;ÖZYAYLA;KIRSALDAN KENTE GÜVENLİ GIDA, HAYVANCILIK, TIBBİ VE AROMATİK BİTKİ YETİŞTİRİCİLİĞİ, TARLA BİTKİLERİ YETİŞTİRİCİLİĞİ
Yunak;SERTLER;MODERN SULAMA SİSTEMLERİ, KIRSALDAN KENTE GÜVENLİ GIDA, HAYVANCILIK, TIBBİ VE AROMATİK BİTKİ YETİŞTİRİCİLİĞİ
Yunak;SEVİNÇ;MODERN SULAMA SİSTEMLERİ, HAYVANCILIK, TIBBİ VE AROMATİK BİTKİ YETİŞTİRİCİLİĞİ
Yunak;SIRAM;MODERN SULAMA SİSTEMLERİ, TARLA BİTKİLERİ YETİŞTİRİCİLİĞİ
Yunak;SİNANLI;MODERN SULAMA SİSTEMLERİ, SEBZE YETİŞTİRİCİLİĞİ, MODERN MEYVECİLİK, HAYVANCILIK
Yunak;YAVAŞLI;TARLA BİTKİLERİ YETİŞTİRİCİLİĞİ
Yunak;YEŞİLOBA;MODERN SULAMA SİSTEMLERİ, MODERN MEYVECİLİK, HAYVANCILIK, TIBBİ VE AROMATİK BİTKİ YETİŞTİRİCİLİĞİ
Yunak;YEŞİLYAYLA;MODERN SULAMA SİSTEMLERİ, HAYVANCILIK, TIBBİ VE AROMATİK BİTKİ YETİŞTİRİCİLİĞİ
Yunak;YIĞAR;MODERN MEYVECİLİK, HAYVANCILIK, TARLA BİTKİLERİ YETİŞTİRİCİLİĞİ
Yunak;SARAY;ARI YETİŞTİRİCİLİĞİ, BİOTEKNİK MÜCADELE VE İYİ TARIM UYGULAMALARI
;;
