ilce_adi;mahalle_adi;tarimsal_sulama_suyu
Ahırlı;ALİÇERÇİ;YOK
Ahırlı;BADEMLİ;YOK
Ahırlı;BALIKLAVA;VAR
Ahırlı;BÜYÜKÖZ;VAR
Ahırlı;ÇİFTLİK;VAR
Ahırlı;ERDOĞAN;YOK
Ahırlı;KARACAKUYU;VAR
Ahırlı;KAYACIK;VAR
Ahırlı;KURUÇAY;VAR
Ahırlı;KÜÇÜKÖZ;VAR
Akören;AVDAN;YOK
Akören;KAYASU;VAR
Akören;AHMEDİYE;VAR
Akören;ALAN;YOK
Akören;BELKUYU;VAR
Akören;ÇATÖREN;VAR
Akören;DUTLU;YOK
Akören;ORHANİYE;VAR
Akören;SÜLEYMANİYE;VAR
Akören;TÜLCE;VAR
Akören;KARAHÜYÜK;VAR
Akşehir;ÇAKILLAR;VAR
Akşehir;GEDİL;VAR
Akşehir;KARAHÜYÜK;VAR
Akşehir;ADSIZ;VAR
Akşehir;ALANYURT;VAR
Akşehir;ALTUNTAŞ;VAR
Akşehir;ATAKENT;VAR
Akşehir;BOZLAĞAN;VAR
Akşehir;CANKURTARAN;VAR
Akşehir;ÇAMLI;VAR
Akşehir;ÇİMENDERE;VAR
Akşehir;DEĞİRMENKÖY;VAR
Akşehir;DOĞRUGÖZ;VAR
Akşehir;ENGİLİ;VAR
Akşehir;GÖLÇAYIR;VAR
Akşehir;GÖZPINARI;VAR
Akşehir;ILICAK;VAR
Akşehir;KARABULUT;VAR
Akşehir;ORTACA;VAR
Akşehir;ORTAKÖY;VAR
Akşehir;REİS;VAR
Akşehir;SAVAŞ;VAR
Akşehir;SORKUN;VAR
Akşehir;SÖĞÜTLÜ;VAR
Akşehir;TEKKE;VAR
Akşehir;TİPİKÖY;VAR
Akşehir;ULUPINAR;VAR
Akşehir;ÜÇHÜYÜK;VAR
Akşehir;YAŞARLAR;VAR
Akşehir;YAYLABELEN;VAR
Akşehir;YAZLA;VAR
Akşehir;YENİKÖY;VAR
Akşehir;YEŞİLKÖY;VAR
Akşehir;SARAY;VAR
Altınekin;OĞUZELİ;VAR
Altınekin;AKCAŞAR;VAR
Altınekin;AYIŞIĞI;YOK
Altınekin;AKKÖY;VAR
Altınekin;BORUKKUYU;VAR
Altınekin;HACINUMAN;VAR
Altınekin;KARAKAYA;VAR
Altınekin;KOÇAŞ;VAR
Altınekin;KOÇYAKA;VAR
Altınekin;MANTAR;VAR
Altınekin;YENİÖLMEZ;VAR
Altınekin;SARNIÇ;VAR
Altınekin;TOPRAKLIK;VAR
Altınekin;YENİKUYU;VAR
Altınekin;YENİYAYLA;VAR
Altınekin;DEDELER;VAR
Altınekin;AKINCILAR;VAR
Beyşehir;ADAKÖY;VAR
Beyşehir;AĞILÖNÜ;VAR
Beyşehir;AKBURUN;VAR
Beyşehir;AKÇABELEN;VAR
Beyşehir;AVDANCIK;YOK
Beyşehir;BADEMLİ;YOK
Beyşehir;BAYAT;VAR
Beyşehir;BAYAVŞAR;VAR
Beyşehir;BAYINDIR;VAR
Beyşehir;BAŞGÖZE;VAR
Beyşehir;BEKDEMİR;VAR
Beyşehir;DAMLAPINAR;VAR
Beyşehir;DOĞANBEY;VAR
Beyşehir;DOĞANCIK;VAR
Beyşehir;DUMANLI;VAR
Beyşehir;EMEN;VAR
Beyşehir;ESENCE;VAR
Beyşehir;EYLİKLER;VAR
Beyşehir;EĞİRLER;VAR
Beyşehir;FASILLAR;VAR
Beyşehir;GÖKÇEKUYU;VAR
Beyşehir;GÖKÇİMEN;VAR
Beyşehir;GÖLKAŞI;VAR
Beyşehir;GÖLYAKA;VAR
Beyşehir;GÖNEN;VAR
Beyşehir;GÖÇÜ;VAR
Beyşehir;GÜNDOĞDU;VAR
Beyşehir;HUĞLU;VAR
Beyşehir;HÜSEYİNLER;VAR
Beyşehir;İSAKÖY;VAR
Beyşehir;KARAALİ;VAR
Beyşehir;KARABAYAT;VAR
Beyşehir;KARADİKEN;VAR
Beyşehir;KARAHİSAR;VAR
Beyşehir;KAYABAŞI;VAR
Beyşehir;KURUCUOVA;VAR
Beyşehir;KUŞLUCA;VAR
Beyşehir;KÜÇÜKAVŞAR;VAR
Beyşehir;MESUTLAR;VAR
Beyşehir;SADIKHACI;VAR
Beyşehir;SARIKÖY;VAR
Beyşehir;SEVİNDİK;VAR
Beyşehir;ŞAMLAR;VAR
Beyşehir;ÜÇPINAR;VAR
Beyşehir;ÜSTÜNLER;VAR
Beyşehir;ÜZÜMLÜ;VAR
Beyşehir;YAZYURDU;VAR
Beyşehir;YENİDOĞAN;VAR
Beyşehir;YEŞİLDAĞ;VAR
Beyşehir;YUKARIESENCE;VAR
Beyşehir;YUNUSLAR;YOK
Beyşehir;ÇİFTLİK;VAR
Beyşehir;ÇİVRİL;VAR
Beyşehir;ÇUKURAĞIL;VAR
Bozkır;ÇAĞLAYAN;VAR
Bozkır;HAMZALAR;VAR
Bozkır;AKÇAPINAR;VAR
Bozkır;ARMUTLU;VAR
Bozkır;ARSLANTAŞ;VAR
Bozkır;AYDINKIŞLA;VAR
Bozkır;AYVALCA;VAR
Bozkır;BAĞYURDU;VAR
Bozkır;BAYBAĞAN;VAR
Bozkır;BOZDAM;VAR
Bozkır;DEREİÇİ;VAR
Bozkır;DEREKÖY;VAR
Bozkır;ELMAAĞAÇ;YOK
Bozkır;HACILAR;VAR
Bozkır;HACIYUNUSLAR;VAR
Bozkır;HARMANPINAR;VAR
Bozkır;HİSARLIK;VAR
Bozkır;IŞIKLAR;VAR
Bozkır;KARABAYIR;VAR
Bozkır;KARACAARDIÇ;VAR
Bozkır;KARACAHİSAR;VAR
Bozkır;KARAYAHYA;YOK
Bozkır;KAYACILAR;VAR
Bozkır;KAYAPINAR;VAR
Bozkır;KINIK;VAR
Bozkır;KIZILÇAKIR;YOK
Bozkır;KİLDERE;VAR
Bozkır;KOVANLIK;VAR
Bozkır;KOZAĞAÇ;VAR
Bozkır;KUŞÇA;VAR
Bozkır;KÜÇÜKHİSARLIK;VAR
Bozkır;PINARCIK;VAR
Bozkır;SARIOĞLAN;VAR
Bozkır;SAZLI;VAR
Bozkır;SOĞUCAK;VAR
Bozkır;SORKUN;VAR
Bozkır;SÖĞÜT;VAR
Bozkır;TARLABAŞI;VAR
Bozkır;TAŞBAŞI;YOK
Bozkır;TEPEARASI;VAR
Bozkır;TEPELİCE;VAR
Bozkır;ULUPINAR;VAR
Bozkır;ÜÇPINAR;VAR
Bozkır;YALNIZCA;VAR
Bozkır;YAZDAMI;VAR
Bozkır;YELBEYİ;VAR
Bozkır;YENİKÖY;VAR
Bozkır;YOLÖREN;VAR
Çeltik;GÖKPINAR;VAR
Çeltik;ADAKASIM;VAR
Çeltik;DOĞANYURT;VAR
Çeltik;KAŞÖREN;VAR
Çeltik;KÜÇÜKHASAN;VAR
Çeltik;TORUNLAR;VAR
Çeltik;İSHAKUŞAĞI;VAR
Çeltik;HONAMLI;VAR
Cihanbeyli;BÖĞRÜDELİK;VAR
Cihanbeyli;YAPALI;VAR
Cihanbeyli;YENİCEOBA;VAR
Cihanbeyli;CUMHURİYET;YOK
Cihanbeyli;GEMECİK;VAR
Cihanbeyli;GÖKTEPE;VAR
Cihanbeyli;AĞABEYLİ;VAR
Cihanbeyli;HODOĞLU;YOK
Cihanbeyli;KAYI;VAR
Cihanbeyli;KIRKIŞLA;VAR
Cihanbeyli;KORKMAZLAR;VAR
Cihanbeyli;KÜÇÜKBEŞKAVAK;VAR
Cihanbeyli;MUTLUKONAK;VAR
Cihanbeyli;SAĞLIK;YOK
Cihanbeyli;SIĞIRCIK;VAR
Cihanbeyli;TURANLAR;YOK
Cihanbeyli;TÜFEKÇİPINAR;VAR
Cihanbeyli;UZUNCAYAYLA;VAR
Cihanbeyli;YÜNLÜKUYU;YOK
Cihanbeyli;ZAFERİYE;VAR
Cihanbeyli;GÖLYAZI;VAR
Cihanbeyli;GÜNYÜZÜ;VAR
Cihanbeyli;İNSUYU;VAR
Cihanbeyli;KANDİL;VAR
Cihanbeyli;KARABAĞ;YOK
Cihanbeyli;KELHASAN;VAR
Cihanbeyli;KUŞCA;VAR
Cihanbeyli;KÜTÜKUŞAĞI;VAR
Cihanbeyli;TAŞPINAR;VAR
Cihanbeyli;BEYLİOVA;VAR
Cihanbeyli;ÇİMEN;VAR
Cihanbeyli;ÇÖL;VAR
Cihanbeyli;DAMLAKUYU;VAR
Cihanbeyli;BULDUK;YOK
Cihanbeyli;BÜYÜKBEŞKAVAK;YOK
Cihanbeyli;KARATEPE;YOK
Çumra;ARIKÖREN;VAR
Çumra;DEDEMOĞLU;VAR
Çumra;TÜRKMENCAMİLİ;VAR
Çumra;A.B.HÜYÜĞÜ;VAR
Çumra;DİNEK;VAR
Çumra;İÇERİÇUMRA;VAR
Çumra;GÜVERCİNLİK;VAR
Çumra;KARKIN;VAR
Çumra;OKÇU;VAR
Çumra;YENİSU;VAR
Çumra;APA;VAR
Çumra;ABDİTOLU;VAR
Çumra;ADAKALE;VAR
Çumra;ALEMDAR;VAR
Çumra;APASARAYCIK;VAR
Çumra;AFŞAR;YOK
Çumra;AVDUL;VAR
Çumra;BALÇIKHİSAR;VAR
Çumra;BEYLERCE;VAR
Çumra;B.AŞLAMA;VAR
Çumra;CİCEK;VAR
Çumra;ÇUKURKAVAK;VAR
Çumra;DİNLENDİK;VAR
Çumra;DİNEKSARAY;VAR
Çumra;DOĞANLI;VAR
Çumra;FETHİYE;VAR
Çumra;GÖKHÜYÜK;VAR
Çumra;ERENTEPE;VAR
Çumra;İNLİ;VAR
Çumra;KUZUCU;VAR
Çumra;KÜÇÜKKÖY;VAR
Çumra;SEÇME;VAR
Çumra;SÜRGÜÇ;VAR
Çumra;TAHTALI;VAR
Çumra;T.KARAHÜYÜK;VAR
Çumra;TAŞAĞIL;VAR
Çumra;UZUNKUYU;VAR
Çumra;ÜÇHÜYÜK;VAR
Çumra;ÜRÜNLÜ;VAR
Çumra;YÖRÜKCAMİLİ;VAR
Çumra;ÇAYBAŞI;VAR
Derbent;ÇİFTLİKÖZÜ;VAR
Derbent;DEĞİŞ;YOK
Derbent;TEKKE;VAR
Derbent;GÜNEYKÖY;VAR
Derbent;MÜLAYİM;YOK
Derbent;SARAYPINAR;VAR
Derbent;YASSIÖREN;VAR
Derbent;SÜLEYMAN;VAR
Derbent;KARALAR;VAR
Derebucak;ÇAMLIK;VAR
Derebucak;DURAK;YOK
Derebucak;GENCEK;VAR
Derebucak;GÖYNEM;VAR
Derebucak;PINARBAŞI;VAR
Derebucak;TAŞLIPINAR;VAR
Derebucak;TEPEARASI;VAR
Derebucak;UĞURLU;VAR
Doğanhisar;BAŞKÖY;VAR
Doğanhisar;YAZLICA;VAR
Doğanhisar;AYASLAR;VAR
Doğanhisar;ÇINAROBA;VAR
Doğanhisar;DEŞTİĞİN;VAR
Doğanhisar;FIRINLI;VAR
Doğanhisar;GÜVENDİK;VAR
Doğanhisar;İLYASLAR;VAR
Doğanhisar;KARAAĞA;VAR
Doğanhisar;KEMER;YOK
Doğanhisar;KOÇAŞ;VAR
Doğanhisar;KONAKKALE;VAR
Doğanhisar;TEKKE;VAR
Doğanhisar;UNCULAR;VAR
Doğanhisar;YAZIR;VAR
Doğanhisar;YENİCE;VAR
Emirgazi;EKİZLİ;VAR
Emirgazi;AKMESCİT;VAR
Emirgazi;BESCİ;VAR
Emirgazi;DEMİRCİ;VAR
Emirgazi;GÖLÖREN;VAR
Emirgazi;IŞIKLAR;VAR
Emirgazi;KARAÖREN;VAR
Emirgazi;MEŞELİ;VAR
Emirgazi;ÖBEKTAŞ;YOK
Emirgazi;YAMAÇ;VAR
Ereğli;ZENGEN;VAR
Ereğli;ACIPINAR;VAR
Ereğli;ADABAĞ;VAR
Ereğli;AKHÜYÜK;VAR
Ereğli;ALHAN;VAR
Ereğli;AŞAĞI GÖNDELEN;VAR
Ereğli;AŞIKLAR;VAR
Ereğli;AZİZİYE;VAR
Ereğli;BAHÇELİ;VAR
Ereğli;BELCEAĞAÇ;VAR
Ereğli;BELKAYA;VAR
Ereğli;BEYKÖY;VAR
Ereğli;BEYÖREN;VAR
Ereğli;BULGURLUK;VAR
Ereğli;BURHANİYE;VAR
Ereğli;BÜYÜKDEDE;VAR
Ereğli;ÇAKMAK;VAR
Ereğli;ÇAYHAN;VAR
Ereğli;ÇİLLER;VAR
Ereğli;ÇİMENCİK;VAR
Ereğli;GAYBİ;VAR
Ereğli;GÖKÇEYAZI;VAR
Ereğli;GÖKTÖME;VAR
Ereğli;HACIMEMİŞ;VAR
Ereğli;KAMIŞLIKUYU;VAR
Ereğli;KARABURUN;VAR
Ereğli;KARGACI;VAR
Ereğli;KIZILGEDİK;YOK
Ereğli;KUSKUNCUK;VAR
Ereğli;KUTÖREN;VAR
Ereğli;KUZUKUYU;VAR
Ereğli;MELİCEK;VAR
Ereğli;ORHANİYE;VAR
Ereğli;ÖZGÜRLER;VAR
Ereğli;PINARÖZÜ;VAR
Ereğli;SARICA;VAR
Ereğli;SARITOPALLI;VAR
Ereğli;SELVİLİ;VAR
Ereğli;TAŞAĞIL;VAR
Ereğli;TAŞBUDAK;VAR
Ereğli;TATLIKUYU;VAR
Ereğli;TÜRKMEN;VAR
Ereğli;ULUMEŞE;VAR
Ereğli;YAZLIK;VAR
Ereğli;YELLİCE;VAR
Ereğli;YENİKÖY;VAR
Ereğli;YILDIZLI;VAR
Ereğli;YUKARIGÖNDELEN;VAR
Ereğli;HORTU;VAR
Ereğli;ACIKUYU;VAR
Güneysınır;GÜRAĞAÇ;YOK
Güneysınır;AĞAÇOBA;VAR
Güneysınır;ALANÖZÜ;VAR
Güneysınır;AVCITEPE;VAR
Güneysınır;AYDOĞMUŞ;YOK
Güneysınır;HABİLLER;VAR
Güneysınır;KARAGÜNEY;VAR
Güneysınır;KAYAAĞZI;VAR
Güneysınır;KIZILÖZ;VAR
Güneysınır;KURUKAVAK;VAR
Güneysınır;MEHMET ALİ;VAR
Güneysınır;ÖMEROĞLU;VAR
Güneysınır;ÖRENBOYALI;VAR
Güneysınır;SARIHACI;VAR
Hadim;AŞAĞIEŞENLER;VAR
Hadim;AŞAĞIKIZILKAYA;VAR
Hadim;BADEMLİ;VAR
Hadim;BAĞBAŞI;VAR
Hadim;BEYRELİ;VAR
Hadim;BOLAT;VAR
Hadim;ÇİFTEPINAR;VAR
Hadim;DEDEMLİ;VAR
Hadim;DÜLGERLER;VAR
Hadim;FAKILAR;VAR
Hadim;GAZİLER;VAR
Hadim;GÖYNÜKKIŞLA;VAR
Hadim;GÜLPINAR;VAR
Hadim;İĞDEÖREN;YOK
Hadim;KALINAĞIL;VAR
Hadim;KAPLANLI;VAR
Hadim;GEZLEVİ;VAR
Hadim;KÜPLÜCE;VAR
Hadim;ODUNCU;VAR
Hadim;SARNIÇ;VAR
Hadim;SELAHATTİN;VAR
Hadim;UMURLAR;VAR
Hadim;YAĞCI;VAR
Hadim;YALINÇEVRE;VAR
Hadim;YELMEZ;VAR
Hadim;YENİKONAK;VAR
Hadim;YUKARIEŞENLER;VAR
Halkapınar;İVRİZ;VAR
Halkapınar;BÜYÜKDOĞAN;VAR
Halkapınar;DEDELİ;VAR
Halkapınar;DELİMAHMUTLU;VAR
Halkapınar;ESKİHİSAR;VAR
Halkapınar;KARAYUSUFLU;VAR
Halkapınar;KAYASARAY;VAR
Halkapınar;KÖRLÜ;VAR
Halkapınar;KÜSERE;VAR
Halkapınar;OSMANKÖSELİ;VAR
Halkapınar;SEYDİFAKILI;VAR
Halkapınar;YASSIKAYA;VAR
Halkapınar;YAYIKLI;VAR
Halkapınar;YEŞİLYURT;VAR
Halkapınar;ÇAKILLAR;VAR
Hüyük;BAŞLAMIŞ;VAR
Hüyük;BUDAK;VAR
Hüyük;BURUNSUZ;VAR
Hüyük;ÇAMLICA;VAR
Hüyük;ÇAVUŞ;VAR
Hüyük;ÇUKURKENT;VAR
Hüyük;DEĞİRMENALTI;VAR
Hüyük;GÖÇERİ;VAR
Hüyük;GÖRÜNMEZ;VAR
Hüyük;İLMEN;VAR
Hüyük;İMRENLER;VAR
Hüyük;KIRELİ;VAR
Hüyük;KÖŞK;VAR
Hüyük;MUTLU;VAR
Hüyük;PINARBAŞI;VAR
Hüyük;SELKİ;VAR
Hüyük;SULUDERE;VAR
Hüyük;TOLCA;VAR
Hüyük;YENİCE;VAR
Ilgın;ARGITHANI;VAR
Ilgın;BEYKONAK;VAR
Ilgın;ÇAVUŞÇUGÖL;VAR
Ilgın;AĞALAR;VAR
Ilgın;BALKI;VAR
Ilgın;BARAKMUSLU;YOK
Ilgın;BELEKLER;VAR
Ilgın;BOĞAZKENT;VAR
Ilgın;BULCUK;VAR
Ilgın;BÜYÜKOBA;VAR
Ilgın;ÇİĞİL;VAR
Ilgın;ÇATAK;YOK
Ilgın;ÇOBANKAYA;YOK
Ilgın;ÇÖMLEKCİ;YOK
Ilgın;DEREKÖY;VAR
Ilgın;DIĞRAK;YOK
Ilgın;DÜĞER;VAR
Ilgın;ELDEŞ;VAR
Ilgın;GEÇİT;VAR
Ilgın;GEDİKÖREN;VAR
Ilgın;GÖSTERE;VAR
Ilgın;GÖKÇEYURT;VAR
Ilgın;GÖLYAKA;VAR
Ilgın;GÖKBUDAK;VAR
Ilgın;GÜNEYPINAR;VAR
Ilgın;HARMANYAZI;VAR
Ilgın;İHSANİYE;VAR
Ilgın;KAPAKLI;VAR
Ilgın;KARAKÖY;VAR
Ilgın;KALEKÖY;VAR
Ilgın;MAHMUTHİSAR;VAR
Ilgın;MECİDİYE;VAR
Ilgın;MİSAFİRLİ;VAR
Ilgın;OLUKPINAR;VAR
Ilgın;ORHANİYE;VAR
Ilgın;ORMANÖZÜ;VAR
Ilgın;SADIKKÖY;VAR
Ilgın;SEBİLLER;VAR
Ilgın;TEKELER;YOK
Ilgın;YUKARIÇİĞİL;VAR
Ilgın;YORAZLAR;VAR
Ilgın;ZAFERİYE;VAR
Ilgın;AVDAN;VAR
Kadınhanı;OSMANCIK;VAR
Kadınhanı;AFŞARLI;VAR
Kadınhanı;ALABAĞ;VAR
Kadınhanı;ATLANTI;VAR
Kadınhanı;BAKIRPINAR;VAR
Kadınhanı;BAŞKUYU;VAR
Kadınhanı;BAYRAMLI;VAR
Kadınhanı;BEYKAVAĞI;VAR
Kadınhanı;BULGURPINAR;VAR
Kadınhanı;ÇAVDAR;VAR
Kadınhanı;ÇEŞMECİK;YOK
Kadınhanı;ÇUBUK;YOK
Kadınhanı;DEMİROLUK;VAR
Kadınhanı;HACIMEHMETLİ;VAR
Kadınhanı;HACIOFLAZLAR;VAR
Kadınhanı;HACIPİRLİ;VAR
Kadınhanı;KABACALI;YOK
Kadınhanı;KAMIŞLIÖZÜ;VAR
Kadınhanı;KARAHİSARLI;VAR
Kadınhanı;KARAKURTLU;VAR
Kadınhanı;KARASEVİNÇ;YOK
Kadınhanı;KARAYÜRÜKLÜ;VAR
Kadınhanı;KIZILKUYU;VAR
Kadınhanı;KOLUKISA;VAR
Kadınhanı;KONURÖREN;VAR
Kadınhanı;KÖKEZ;VAR
Kadınhanı;KÖYLÜTOLU;VAR
Kadınhanı;KURTHASANLI;VAR
Kadınhanı;KÜÇÜKKUYU;VAR
Kadınhanı;MAHMUDİYE;VAR
Kadınhanı;MEYDANLI;VAR
Kadınhanı;ÖRNEK;VAR
Kadınhanı;PİRALİ;YOK
Kadınhanı;PUSAT;VAR
Kadınhanı;SAÇIKARA;VAR
Kadınhanı;SARIKAYA;YOK
Kadınhanı;SÖĞÜTÖZÜ;VAR
Kadınhanı;ŞAHÖREN;VAR
Kadınhanı;TOSUNOĞLU;VAR
Kadınhanı;YAĞLICA;YOK
Kadınhanı;YAYLAYAKA;VAR
Karapınar;HOTAMIŞ;VAR
Karapınar;KESMEZ;VAR
Karapınar;AKÇAYAZI;VAR
Karapınar;AKÖREN;VAR
Karapınar;ÇİĞİL;VAR
Karapınar;HASANOBA;VAR
Karapınar;İSLİK;VAR
Karapınar;KARAKIŞLA;VAR
Karapınar;KAYACIK;VAR
Karapınar;KAYALI;VAR
Karapınar;KAZANHÜYÜĞÜ;VAR
Karapınar;KÜÇÜKAŞLAMA;VAR
Karapınar;ORTAOBA;VAR
Karapınar;OYMALI;VAR
Karapınar;SAZLIPINAR;VAR
Karapınar;YAĞMAPINAR;VAR
Karapınar;YENİKUYU;VAR
Karapınar;YEŞİLYURT;VAR
Karatay;YARMA;VAR
Karatay;ACIDORT;VAR
Karatay;AĞSAKLI;VAR
Karatay;AKBAŞ;VAR
Karatay;AKÖRENKIŞLA;VAR
Karatay;BAKIRTOLU;VAR
Karatay;BAŞGÖTÜREN;VAR
Karatay;BEŞAĞIL;VAR
Karatay;BÜYÜKBURNAK;VAR
Karatay;ÇENGİLTİ;VAR
Karatay;DİVANLAR;YOK
Karatay;ESENTEPE;VAR
Karatay;GÖÇÜ;VAR
Karatay;HAYIROĞLU MERKEZ;VAR
Karatay;İPEKLER;VAR
Karatay;İSMİL;VAR
Karatay;KARADONA;VAR
Karatay;KARAKAYA;YOK
Karatay;KATRANCI;VAR
Karatay;KIZÖREN;VAR
Karatay;KÖSEALİ;VAR
Karatay;OBRUK;VAR
Karatay;OVAKAVAĞI;VAR
Karatay;SAKYATAN;VAR
Karatay;SÜRÜÇ;VAR
Karatay;ŞATIR;VAR
Karatay;YAĞLIBAYAT;VAR
Karatay;YAVŞANKUYU;VAR
Karatay;YENİCE;VAR
Karatay;YENİKENT;VAR
Karatay;ZİNCİRLİ;VAR
Kulu;ACIKUYU;VAR
Kulu;AĞILBAŞI;VAR
Kulu;ALTILAR;VAR
Kulu;ARŞINCA;VAR
Kulu;BEŞKARDEŞ;YOK
Kulu;BOĞAZÖREN;YOK
Kulu;BOZAN;VAR
Kulu;BURUNAĞIL;VAR
Kulu;CANIMANA;VAR
Kulu;CELEP;VAR
Kulu;DİPDEDE;YOK
Kulu;DOĞUTEPE;VAR
Kulu;FEVZİYE;VAR
Kulu;GÖKLER;YOK
Kulu;GÜZELYAYLA;VAR
Kulu;HİSAR;YOK
Kulu;KARACADAĞ;VAR
Kulu;KARACADERE;YOK
Kulu;KIRKKUYU;YOK
Kulu;KIRKPINAR;YOK
Kulu;KOZANLI;VAR
Kulu;KÖMÜŞİNİ;YOK
Kulu;KÖŞKER;YOK
Kulu;SARIYAYLA;VAR
Kulu;SEYİTAHMETLİ;VAR
Kulu;SOĞUKKUYU;VAR
Kulu;ŞEREFLİ;VAR
Kulu;TAVLIÖREN;VAR
Kulu;ÖMERANLI;VAR
Kulu;TUZYAKA;VAR
Kulu;YARAŞLI;YOK
Kulu;YAZIÇAYIR;YOK
Kulu;YEŞİLTEPE;VAR
Kulu;YEŞİLYURT;VAR
Kulu;ZİNCİRLİKUYU;VAR
Kulu;BAHADIRLI;VAR
Kulu;DEĞİRMENÖZÜ;VAR
Meram;ERENKAYA;YOK
Meram;YATAĞAN;VAR
Meram;GÖKYURT;VAR
Meram;BAYAT;VAR
Meram;BORUKTOLU;VAR
Meram;BOTSA;VAR
Meram;ÇAYIRBAĞI;VAR
Meram;ÇOMAKLAR;VAR
Meram;ÇUKURÇİMEN;VAR
Meram;EVLİYATEKKE;VAR
Meram;HATUNSARAY;VAR
Meram;İKİPINAR;VAR
Meram;İLYASBABA;VAR
Meram;İNLİCE;VAR
Meram;KARAAĞAÇ;YOK
Meram;KAVAK;VAR
Meram;KAYADİBİ;VAR
Meram;KAYALI;VAR
Meram;KAYHÜYÜK;VAR
Meram;KIZILÖREN;VAR
Meram;KUMRALI;VAR
Meram;SADIKLAR;VAR
Meram;SAĞLIK;VAR
Meram;SARIKIZ;YOK
Meram;SEFAKÖY;VAR
Meram;YEŞİLDERE;VAR
Meram;YEŞİLTEKKE;VAR
Meram;KAŞINHANI;VAR
Sarayönü;LADİK;VAR
Sarayönü;BAHÇESARAY;VAR
Sarayönü;BAŞHÜYÜK;VAR
Sarayönü;BOYALI;VAR
Sarayönü;BÜYÜKZENGİ;VAR
Sarayönü;ÇEŞMELİSEBİL;VAR
Sarayönü;DEĞİRMENLİ;VAR
Sarayönü;ERTUĞRUL;VAR
Sarayönü;GÖZLÜ;VAR
Sarayönü;KADIOĞLU;VAR
Sarayönü;KARABIYIK;YOK
Sarayönü;KARATEPE;VAR
Sarayönü;KAYIÖREN;VAR
Sarayönü;KONAR;VAR
Sarayönü;KURŞUNLU;YOK
Sarayönü;KUYULUSEBİL;VAR
Sarayönü;ÖZKENT;VAR
Sarayönü;YENİCEKAYA;VAR
Selçuklu;BAŞARAKAVAK;
Selçuklu;hasan;
Selçuklu;SARAYKÖY;YOK
Selçuklu;SULUTAS;YOK
Selçuklu;TATKÖY;YOK
Selçuklu;AKPINAR;VAR
Selçuklu;BAĞRIKURT;YOK
Selçuklu;BİÇER;YOK
Selçuklu;ÇALDERE;VAR
Selçuklu;ÇALTI;VAR
Selçuklu;ÇANDIR;YOK
Selçuklu;DAĞDERE;VAR
Selçuklu;EĞRİBAYAT;VAR
Selçuklu;GÜVENÇ;VAR
Selçuklu;KALE;VAR
Selçuklu;KARAÖMERLER;VAR
Selçuklu;KERVAN;YOK
Selçuklu;KINIK;VAR
Selçuklu;KIZILCAKUYU;YOK
Selçuklu;MEYDAN;YOK
Selçuklu;SELAHATTİN;VAR
Selçuklu;SIZMA;VAR
Selçuklu;TEPEKENT;VAR
Selçuklu;ULUMUHSİNE;VAR
Selçuklu;YAZIBELEN;VAR
Selçuklu;SİLLE;VAR
Selçuklu;ARDIÇLI;VAR
Selçuklu;AŞAĞIPINARBAŞI;VAR
Selçuklu;YUKARIPINARBAŞI;VAR
Selçuklu;KÜÇÜKMUHSİNE;VAR
Selçuklu;SARICALAR;VAR
Selçuklu;TÖMEK;VAR
Selçuklu;YÜKSELEN;VAR
Selçuklu;Mehmet Fatih;
Seydişehir;KESECİK;VAR
Seydişehir;AKÇALAR;VAR
Seydişehir;AŞAĞIKARAÖREN;VAR
Seydişehir;BAŞKARAÖREN;VAR
Seydişehir;BOSTANDERE;VAR
Seydişehir;BOYALI;VAR
Seydişehir;BÜKÇE;VAR
Seydişehir;ÇAT;VAR
Seydişehir;ÇATMAKAYA;VAR
Seydişehir;ÇAVUŞ;VAR
Seydişehir;DİKİLİTAŞ;VAR
Seydişehir;GEVREKLİ;VAR
Seydişehir;GÖKÇEHÜYÜK;VAR
Seydişehir;GÖKHÜYÜK;VAR
Seydişehir;GÖLYÜZÜ;VAR
Seydişehir;IRMAKLI;VAR
Seydişehir;İNCESU;VAR
Seydişehir;KARABULAK;VAR
Seydişehir;KARACAÖREN;VAR
Seydişehir;KAVAK;VAR
Seydişehir;KETENLİ;VAR
Seydişehir;KIZILCA;VAR
Seydişehir;KOZLU;VAR
Seydişehir;KUMLUCA;VAR
Seydişehir;KURAN;VAR
Seydişehir;MADENLİ;YOK
Seydişehir;MESUDİYE;VAR
Seydişehir;MURADİYE;VAR
Seydişehir;OĞLAKÇI;VAR
Seydişehir;ORTAKARAÖREN;VAR
Seydişehir;SARAYCIK;VAR
Seydişehir;SUSUZ;VAR
Seydişehir;TARAŞÇI;VAR
Seydişehir;TAŞAĞIL;VAR
Seydişehir;TEPECİK;YOK
Seydişehir;TOL;VAR
Seydişehir;UFACIK;YOK
Seydişehir;YAYLACIK;VAR
Seydişehir;YENİCE;VAR
Taşkent;AFŞAR;VAR
Taşkent;BALCILAR;VAR
Taşkent;BOLAY;VAR
Taşkent;ÇETMİ;VAR
Taşkent;KECİMEN;VAR
Taşkent;KONGUL;VAR
Taşkent;SAZAK;VAR
Taşkent;ILICAPINAR;VAR
Tuzlukçu;KONARI;YOK
Tuzlukçu;MEVLÜTLÜ;YOK
Tuzlukçu;KORAŞI;YOK
Tuzlukçu;ÇÖĞÜRLÜ;VAR
Tuzlukçu;TURSUNLU;VAR
Tuzlukçu;KUNDULLU;VAR
Tuzlukçu;PAZARKAYA;YOK
Tuzlukçu;SUBATAN;VAR
Tuzlukçu;GÜRSU;VAR
Tuzlukçu;ERDOĞDU;VAR
Tuzlukçu;KÖKLÜCE;VAR
Yalıhüyük;SARAY;YOK
Yalıhüyük;ARASÖĞÜT;YOK
Yunak;KUZÖREN;VAR
Yunak;KOÇYAZI;VAR
Yunak;TURGUT;VAR
Yunak;PİRİBEYLİ;YOK
Yunak;SÜLÜKLÜ;VAR
Yunak;ALTINÖZ;VAR
Yunak;AYRITEPE;YOK
Yunak;BEŞIŞIKLI;VAR
Yunak;CEBRAİL;YOK
Yunak;ÇAYIRBAŞI;VAR
Yunak;EĞRİKUYU;VAR
Yunak;HACIÖMEROĞLU;VAR
Yunak;HATIRLI;VAR
Yunak;HACIFAKILI;VAR
Yunak;HARUNLAR;YOK
Yunak;HURSUNLU;VAR
Yunak;İMAMOĞLU;VAR
Yunak;KARGALI;YOK
Yunak;KARAYAYLA;VAR
Yunak;KILLAR;VAR
Yunak;KURTUŞAĞI;YOK
Yunak;KUYUBAŞI;VAR
Yunak;MEŞELİK;YOK
Yunak;ODABAŞI;VAR
Yunak;ORTAKIŞLA;VAR
Yunak;ÖZYAYLA;VAR
Yunak;SERTLER;VAR
Yunak;SEVİNÇ;YOK
Yunak;SIRAM;YOK
Yunak;SİNANLI;VAR
Yunak;YAVAŞLI;VAR
Yunak;YEŞİLOBA;VAR
Yunak;YEŞİLYAYLA;VAR
Yunak;YIĞAR;VAR
Yunak;SARAY;VAR
;;
