ilce_adi;mahalle_adi;tarimsal_sulama_suyu_kaynagi
Ahırlı;ALİÇERÇİ;YOK
Ahırlı;BADEMLİ;YOK
Ahırlı;BALIKLAVA;GÖL
Ahırlı;BÜYÜKÖZ;ŞAHSİ KUYULAR
Ahırlı;ÇİFTLİK;YOK
Ahırlı;ERDOĞAN;ŞAHSİ KUYULAR
Ahırlı;KARACAKUYU;ŞAHSİ KUYULAR
Ahırlı;KAYACIK;ŞAHSİ KUYULAR
Ahırlı;KURUÇAY;ŞAHSİ KUYULAR
Ahırlı;KÜÇÜKÖZ;ŞAHSİ KUYULAR
Akören;AVDAN;ŞAHSİ KUYULAR
Akören;KAYASU;KOOPERATİF KUYULARI
Akören;AHMEDİYE;KOOPERATİF KUYULARI
Akören;ALAN;YOK
Akören;BELKUYU;ŞAHSİ KUYULAR
Akören;ÇATÖREN;YERALTI SULARI
Akören;DUTLU;YOK
Akören;ORHANİYE;KOOPERATİF KUYULARI
Akören;SÜLEYMANİYE;YERALTI SULARI
Akören;TÜLCE;YERALTI SULARI
Akören;KARAHÜYÜK;KOOPERATİF KUYULARI
Akşehir;ÇAKILLAR;KOOPERATİF KUYULARI
Akşehir;GEDİL;KOOPERATİF KUYULARI
Akşehir;KARAHÜYÜK;YERALTI SULARI
Akşehir;ADSIZ;YERALTI SULARI, KOOPERATİF KUYULARI
Akşehir;ALANYURT;ŞAHSİ KUYULAR, KOOPERATİF KUYULARI
Akşehir;ALTUNTAŞ;ÇAY
Akşehir;ATAKENT;ÇAY, AKARSU
Akşehir;BOZLAĞAN;KOOPERATİF KUYULARI
Akşehir;CANKURTARAN;ŞAHSİ KUYULAR
Akşehir;ÇAMLI;ÇAY, KANAL
Akşehir;ÇİMENDERE;ÇAY, AKARSU, KOOPERATİF KUYULARI
Akşehir;DEĞİRMENKÖY;AKARSU
Akşehir;DOĞRUGÖZ;ŞAHSİ KUYULAR
Akşehir;ENGİLİ;ŞAHSİ KUYULAR, YERALTI SULARI, KOOPERATİF KUYULARI
Akşehir;GÖLÇAYIR;KOOPERATİF KUYULARI
Akşehir;GÖZPINARI;ÇAY, YERALTI SULARI
Akşehir;ILICAK;ŞAHSİ KUYULAR, DERE
Akşehir;KARABULUT;YERALTI SULARI
Akşehir;ORTACA;ŞAHSİ KUYULAR, YERALTI SULARI
Akşehir;ORTAKÖY;ŞAHSİ KUYULAR
Akşehir;REİS;ŞAHSİ KUYULAR
Akşehir;SAVAŞ;YERALTI SULARI, KOOPERATİF KUYULARI
Akşehir;SORKUN;YERALTI SULARI
Akşehir;SÖĞÜTLÜ;ŞAHSİ KUYULAR, KOOPERATİF KUYULARI
Akşehir;TEKKE;ŞAHSİ KUYULAR, YERALTI SULARI
Akşehir;TİPİKÖY;ŞAHSİ KUYULAR, YERALTI SULARI
Akşehir;ULUPINAR;ŞAHSİ KUYULAR
Akşehir;ÜÇHÜYÜK;ŞAHSİ KUYULAR
Akşehir;YAŞARLAR;ŞAHSİ KUYULAR
Akşehir;YAYLABELEN;YERALTI SULARI, KOOPERATİF KUYULARI
Akşehir;YAZLA;YERALTI SULARI
Akşehir;YENİKÖY;KOOPERATİF KUYULARI
Akşehir;YEŞİLKÖY;ÇAY, ŞAHSİ KUYULAR
Akşehir;SARAY;KOOPERATİF KUYULARI
Altınekin;OĞUZELİ;ŞAHSİ KUYULAR
Altınekin;AKCAŞAR;ŞAHSİ KUYULAR, YERALTI SULARI
Altınekin;AYIŞIĞI;YOK
Altınekin;AKKÖY;ŞAHSİ KUYULAR
Altınekin;BORUKKUYU;KOOPERATİF KUYULARI
Altınekin;HACINUMAN;ŞAHSİ KUYULAR
Altınekin;KARAKAYA;ŞAHSİ KUYULAR, YERALTI SULARI
Altınekin;KOÇAŞ;YERALTI SULARI, KOOPERATİF KUYULARI
Altınekin;KOÇYAKA;ŞAHSİ KUYULAR, YERALTI SULARI
Altınekin;MANTAR;YERALTI SULARI
Altınekin;YENİÖLMEZ;ŞAHSİ KUYULAR
Altınekin;SARNIÇ;ŞAHSİ KUYULAR, YERALTI SULARI
Altınekin;TOPRAKLIK;ŞAHSİ KUYULAR
Altınekin;YENİKUYU;YERALTI SULARI
Altınekin;YENİYAYLA;ŞAHSİ KUYULAR
Altınekin;DEDELER;YERALTI SULARI
Altınekin;AKINCILAR;YERALTI SULARI
Beyşehir;ADAKÖY;ŞAHSİ KUYULAR
Beyşehir;AĞILÖNÜ;ŞAHSİ KUYULAR
Beyşehir;AKBURUN;ŞAHSİ KUYULAR, GÖL
Beyşehir;AKÇABELEN;KOOPERATİF KUYULARI
Beyşehir;AVDANCIK;KANAL
Beyşehir;BADEMLİ;YOK
Beyşehir;BAYAT;KANAL
Beyşehir;BAYAVŞAR;ÇAY
Beyşehir;BAYINDIR;GÖL
Beyşehir;BAŞGÖZE;GÖLET
Beyşehir;BEKDEMİR;GÖL
Beyşehir;DAMLAPINAR;BARAJ
Beyşehir;DOĞANBEY;BARAJ
Beyşehir;DOĞANCIK;GÖLET
Beyşehir;DUMANLI;ÇAY, AKARSU
Beyşehir;EMEN;ŞAHSİ KUYULAR
Beyşehir;ESENCE;ŞAHSİ KUYULAR
Beyşehir;EYLİKLER;DERE
Beyşehir;EĞİRLER;ŞAHSİ KUYULAR, YERALTI SULARI
Beyşehir;FASILLAR;ŞAHSİ KUYULAR
Beyşehir;GÖKÇEKUYU;GÖLET
Beyşehir;GÖKÇİMEN;ŞAHSİ KUYULAR
Beyşehir;GÖLKAŞI;GÖL
Beyşehir;GÖLYAKA;ŞAHSİ KUYULAR
Beyşehir;GÖNEN;GÖLET
Beyşehir;GÖÇÜ;ÇAY, ŞAHSİ KUYULAR
Beyşehir;GÜNDOĞDU;ŞAHSİ KUYULAR
Beyşehir;HUĞLU;BARAJ, GÖLET, YERALTI SULARI
Beyşehir;HÜSEYİNLER;ŞAHSİ KUYULAR
Beyşehir;İSAKÖY;KANAL
Beyşehir;KARAALİ;ŞAHSİ KUYULAR, BARAJ
Beyşehir;KARABAYAT;ŞAHSİ KUYULAR, YERALTI SULARI, KOOPERATİF KUYULARI
Beyşehir;KARADİKEN;GÖL
Beyşehir;KARAHİSAR;GÖL, KANAL
Beyşehir;KAYABAŞI;ŞAHSİ KUYULAR
Beyşehir;KURUCUOVA;GÖL
Beyşehir;KUŞLUCA;ŞAHSİ KUYULAR
Beyşehir;KÜÇÜKAVŞAR;ŞAHSİ KUYULAR
Beyşehir;MESUTLAR;ŞAHSİ KUYULAR
Beyşehir;SADIKHACI;YERALTI SULARI
Beyşehir;SARIKÖY;ÇAY, AKARSU
Beyşehir;SEVİNDİK;KOOPERATİF KUYULARI
Beyşehir;ŞAMLAR;ŞAHSİ KUYULAR, GÖLET
Beyşehir;ÜÇPINAR;ŞAHSİ KUYULAR
Beyşehir;ÜSTÜNLER;ÇAY, BARAJ
Beyşehir;ÜZÜMLÜ;GÖLET
Beyşehir;YAZYURDU;ŞAHSİ KUYULAR
Beyşehir;YENİDOĞAN;GÖLET
Beyşehir;YEŞİLDAĞ;AKARSU
Beyşehir;YUKARIESENCE;GÖL
Beyşehir;YUNUSLAR;ÇAY
Beyşehir;ÇİFTLİK;GÖLET
Beyşehir;ÇİVRİL;KANAL
Beyşehir;ÇUKURAĞIL;ŞAHSİ KUYULAR
Bozkır;ÇAĞLAYAN;ŞAHSİ KUYULAR
Bozkır;HAMZALAR;ŞAHSİ KUYULAR
Bozkır;AKÇAPINAR;GÖLET
Bozkır;ARMUTLU;ŞAHSİ KUYULAR, DERE
Bozkır;ARSLANTAŞ;ŞAHSİ KUYULAR
Bozkır;AYDINKIŞLA;ŞAHSİ KUYULAR
Bozkır;AYVALCA;ŞAHSİ KUYULAR
Bozkır;BAĞYURDU;ŞAHSİ KUYULAR
Bozkır;BAYBAĞAN;DERE
Bozkır;BOZDAM;ŞAHSİ KUYULAR
Bozkır;DEREİÇİ;GÖLET
Bozkır;DEREKÖY;ÇAY
Bozkır;ELMAAĞAÇ;YOK
Bozkır;HACILAR;ŞAHSİ KUYULAR
Bozkır;HACIYUNUSLAR;ŞAHSİ KUYULAR
Bozkır;HARMANPINAR;ŞAHSİ KUYULAR
Bozkır;HİSARLIK;ŞAHSİ KUYULAR
Bozkır;IŞIKLAR;DERE
Bozkır;KARABAYIR;ŞAHSİ KUYULAR
Bozkır;KARACAARDIÇ;ŞAHSİ KUYULAR
Bozkır;KARACAHİSAR;YERALTI SULARI
Bozkır;KARAYAHYA;YOK
Bozkır;KAYACILAR;ŞAHSİ KUYULAR
Bozkır;KAYAPINAR;ŞAHSİ KUYULAR, AKARSU
Bozkır;KINIK;ŞAHSİ KUYULAR
Bozkır;KIZILÇAKIR;YOK
Bozkır;KİLDERE;DERE
Bozkır;KOVANLIK;ÇAY
Bozkır;KOZAĞAÇ;ŞAHSİ KUYULAR, YERALTI SULARI
Bozkır;KUŞÇA;ŞAHSİ KUYULAR, DERE
Bozkır;KÜÇÜKHİSARLIK;ŞAHSİ KUYULAR
Bozkır;PINARCIK;ŞAHSİ KUYULAR, DERE
Bozkır;SARIOĞLAN;ŞAHSİ KUYULAR, YERALTI SULARI
Bozkır;SAZLI;ŞAHSİ KUYULAR
Bozkır;SOĞUCAK;ŞAHSİ KUYULAR
Bozkır;SORKUN;ŞAHSİ KUYULAR, YERALTI SULARI
Bozkır;SÖĞÜT;ŞAHSİ KUYULAR, DERE
Bozkır;TARLABAŞI;ŞAHSİ KUYULAR, YERALTI SULARI
Bozkır;TAŞBAŞI;YOK
Bozkır;TEPEARASI;ŞAHSİ KUYULAR
Bozkır;TEPELİCE;ŞAHSİ KUYULAR
Bozkır;ULUPINAR;ŞAHSİ KUYULAR, YERALTI SULARI
Bozkır;ÜÇPINAR;ŞAHSİ KUYULAR, DERE
Bozkır;YALNIZCA;ŞAHSİ KUYULAR, YERALTI SULARI
Bozkır;YAZDAMI;ŞAHSİ KUYULAR
Bozkır;YELBEYİ;ŞAHSİ KUYULAR, YERALTI SULARI
Bozkır;YENİKÖY;ŞAHSİ KUYULAR
Bozkır;YOLÖREN;ÇAY, ŞAHSİ KUYULAR
Çeltik;GÖKPINAR;ŞAHSİ KUYULAR, KOOPERATİF KUYULARI
Çeltik;ADAKASIM;YERALTI SULARI
Çeltik;DOĞANYURT;ŞAHSİ KUYULAR, YERALTI SULARI
Çeltik;KAŞÖREN;ŞAHSİ KUYULAR
Çeltik;KÜÇÜKHASAN;ŞAHSİ KUYULAR, YERALTI SULARI
Çeltik;TORUNLAR;AKARSU, YERALTI SULARI
Çeltik;İSHAKUŞAĞI;YERALTI SULARI
Çeltik;HONAMLI;ŞAHSİ KUYULAR
Cihanbeyli;BÖĞRÜDELİK;KOOPERATİF KUYULARI
Cihanbeyli;YAPALI;ŞAHSİ KUYULAR
Cihanbeyli;YENİCEOBA;ŞAHSİ KUYULAR
Cihanbeyli;CUMHURİYET;YOK
Cihanbeyli;GEMECİK;ŞAHSİ KUYULAR
Cihanbeyli;GÖKTEPE;ŞAHSİ KUYULAR
Cihanbeyli;AĞABEYLİ;ŞAHSİ KUYULAR
Cihanbeyli;HODOĞLU;YOK
Cihanbeyli;KAYI;ŞAHSİ KUYULAR, YERALTI SULARI
Cihanbeyli;KIRKIŞLA;ŞAHSİ KUYULAR, YERALTI SULARI
Cihanbeyli;KORKMAZLAR;ŞAHSİ KUYULAR
Cihanbeyli;KÜÇÜKBEŞKAVAK;ŞAHSİ KUYULAR
Cihanbeyli;MUTLUKONAK;ŞAHSİ KUYULAR, DERE, AKARSU
Cihanbeyli;SAĞLIK;YOK
Cihanbeyli;SIĞIRCIK;YERALTI SULARI
Cihanbeyli;TURANLAR;YOK
Cihanbeyli;TÜFEKÇİPINAR;ŞAHSİ KUYULAR, YERALTI SULARI
Cihanbeyli;UZUNCAYAYLA;ŞAHSİ KUYULAR
Cihanbeyli;YÜNLÜKUYU;YOK
Cihanbeyli;ZAFERİYE;ŞAHSİ KUYULAR, YERALTI SULARI
Cihanbeyli;GÖLYAZI;ŞAHSİ KUYULAR
Cihanbeyli;GÜNYÜZÜ;ŞAHSİ KUYULAR, YERALTI SULARI
Cihanbeyli;İNSUYU;ŞAHSİ KUYULAR
Cihanbeyli;KANDİL;ŞAHSİ KUYULAR
Cihanbeyli;KARABAĞ;YOK
Cihanbeyli;KELHASAN;ŞAHSİ KUYULAR
Cihanbeyli;KUŞCA;ŞAHSİ KUYULAR, YERALTI SULARI
Cihanbeyli;KÜTÜKUŞAĞI;ŞAHSİ KUYULAR
Cihanbeyli;TAŞPINAR;ŞAHSİ KUYULAR, YERALTI SULARI
Cihanbeyli;BEYLİOVA;ŞAHSİ KUYULAR
Cihanbeyli;ÇİMEN;YERALTI SULARI
Cihanbeyli;ÇÖL;ŞAHSİ KUYULAR, YERALTI SULARI
Cihanbeyli;DAMLAKUYU;ŞAHSİ KUYULAR
Cihanbeyli;BULDUK;YOK
Cihanbeyli;BÜYÜKBEŞKAVAK;YOK
Cihanbeyli;KARATEPE;YOK
Çumra;ARIKÖREN;YERALTI SULARI
Çumra;DEDEMOĞLU;ŞAHSİ KUYULAR, YERALTI SULARI
Çumra;TÜRKMENCAMİLİ;ŞAHSİ KUYULAR, KOOPERATİF KUYULARI
Çumra;A.B.HÜYÜĞÜ;KOOPERATİF KUYULARI
Çumra;DİNEK;BARAJ, YERALTI SULARI
Çumra;İÇERİÇUMRA;ŞAHSİ KUYULAR
Çumra;GÜVERCİNLİK;YERALTI SULARI
Çumra;KARKIN;BARAJ, YERALTI SULARI
Çumra;OKÇU;KANAL, YERALTI SULARI
Çumra;YENİSU;ŞAHSİ KUYULAR, KOOPERATİF KUYULARI
Çumra;APA;BARAJ
Çumra;ABDİTOLU;KANAL, YERALTI SULARI
Çumra;ADAKALE;YERALTI SULARI
Çumra;ALEMDAR;ŞAHSİ KUYULAR
Çumra;APASARAYCIK;ŞAHSİ KUYULAR
Çumra;AFŞAR;YOK
Çumra;AVDUL;KOOPERATİF KUYULARI
Çumra;BALÇIKHİSAR;KANAL
Çumra;BEYLERCE;YERALTI SULARI
Çumra;B.AŞLAMA;YERALTI SULARI
Çumra;CİCEK;YERALTI SULARI
Çumra;ÇUKURKAVAK;YERALTI SULARI
Çumra;DİNLENDİK;YERALTI SULARI
Çumra;DİNEKSARAY;BARAJ, KOOPERATİF KUYULARI
Çumra;DOĞANLI;ŞAHSİ KUYULAR, BARAJ
Çumra;FETHİYE;KOOPERATİF KUYULARI
Çumra;GÖKHÜYÜK;ŞAHSİ KUYULAR, BARAJ, YERALTI SULARI
Çumra;ERENTEPE;ŞAHSİ KUYULAR
Çumra;İNLİ;YERALTI SULARI
Çumra;KUZUCU;YERALTI SULARI
Çumra;KÜÇÜKKÖY;ŞAHSİ KUYULAR, BARAJ, DERE
Çumra;SEÇME;ŞAHSİ KUYULAR
Çumra;SÜRGÜÇ;KOOPERATİF KUYULARI
Çumra;TAHTALI;YERALTI SULARI
Çumra;T.KARAHÜYÜK;BARAJ, KANAL
Çumra;TAŞAĞIL;BARAJ, YERALTI SULARI
Çumra;UZUNKUYU;KOOPERATİF KUYULARI
Çumra;ÜÇHÜYÜK;ŞAHSİ KUYULAR
Çumra;ÜRÜNLÜ;YERALTI SULARI
Çumra;YÖRÜKCAMİLİ;YERALTI SULARI
Çumra;ÇAYBAŞI;KOOPERATİF KUYULARI
Derbent;ÇİFTLİKÖZÜ;GÖLET
Derbent;DEĞİŞ;YOK
Derbent;TEKKE;ŞAHSİ KUYULAR
Derbent;GÜNEYKÖY;YERALTI SULARI
Derbent;MÜLAYİM;YOK
Derbent;SARAYPINAR;ŞAHSİ KUYULAR
Derbent;YASSIÖREN;GÖLET, YERALTI SULARI
Derbent;SÜLEYMAN;ŞAHSİ KUYULAR
Derbent;KARALAR;ŞAHSİ KUYULAR, BARAJ
Derebucak;ÇAMLIK;ŞAHSİ KUYULAR, GÖLET
Derebucak;DURAK;YOK
Derebucak;GENCEK;GÖLET
Derebucak;GÖYNEM;BARAJ
Derebucak;PINARBAŞI;BARAJ
Derebucak;TAŞLIPINAR;YERALTI SULARI
Derebucak;TEPEARASI;ŞAHSİ KUYULAR
Derebucak;UĞURLU;YERALTI SULARI
Doğanhisar;BAŞKÖY;BARAJ, GÖLET
Doğanhisar;YAZLICA;GÖLET
Doğanhisar;AYASLAR;GÖLET
Doğanhisar;ÇINAROBA;GÖLET
Doğanhisar;DEŞTİĞİN;GÖLET
Doğanhisar;FIRINLI;AKARSU, GÖLET
Doğanhisar;GÜVENDİK;GÖLET
Doğanhisar;İLYASLAR;BARAJ, GÖLET
Doğanhisar;KARAAĞA;KOOPERATİF KUYULARI
Doğanhisar;KEMER;YOK
Doğanhisar;KOÇAŞ;YERALTI SULARI
Doğanhisar;KONAKKALE;GÖLET
Doğanhisar;TEKKE;ŞAHSİ KUYULAR, BARAJ
Doğanhisar;UNCULAR;ŞAHSİ KUYULAR, YERALTI SULARI
Doğanhisar;YAZIR;ŞAHSİ KUYULAR, GÖLET
Doğanhisar;YENİCE;GÖLET
Emirgazi;EKİZLİ;ŞAHSİ KUYULAR
Emirgazi;AKMESCİT;KOOPERATİF KUYULARI
Emirgazi;BESCİ;ŞAHSİ KUYULAR, YERALTI SULARI
Emirgazi;DEMİRCİ;ŞAHSİ KUYULAR
Emirgazi;GÖLÖREN;ŞAHSİ KUYULAR
Emirgazi;IŞIKLAR;YERALTI SULARI
Emirgazi;KARAÖREN;ŞAHSİ KUYULAR
Emirgazi;MEŞELİ;ŞAHSİ KUYULAR, YERALTI SULARI
Emirgazi;ÖBEKTAŞ;YOK
Emirgazi;YAMAÇ;ŞAHSİ KUYULAR
Ereğli;ZENGEN;ŞAHSİ KUYULAR, YERALTI SULARI
Ereğli;ACIPINAR;BARAJ
Ereğli;ADABAĞ;BARAJ
Ereğli;AKHÜYÜK;BARAJ
Ereğli;ALHAN;ŞAHSİ KUYULAR, BARAJ
Ereğli;AŞAĞI GÖNDELEN;BARAJ, YERALTI SULARI
Ereğli;AŞIKLAR;YERALTI SULARI, KOOPERATİF KUYULARI
Ereğli;AZİZİYE;BARAJ
Ereğli;BAHÇELİ;BARAJ
Ereğli;BELCEAĞAÇ;BARAJ
Ereğli;BELKAYA;YERALTI SULARI, KOOPERATİF KUYULARI
Ereğli;BEYKÖY;BARAJ
Ereğli;BEYÖREN;ŞAHSİ KUYULAR, YERALTI SULARI, KOOPERATİF KUYULARI
Ereğli;BULGURLUK;BARAJ
Ereğli;BURHANİYE;BARAJ
Ereğli;BÜYÜKDEDE;AKARSU
Ereğli;ÇAKMAK;ŞAHSİ KUYULAR, GÖLET, YERALTI SULARI
Ereğli;ÇAYHAN;GÖLET
Ereğli;ÇİLLER;BARAJ, YERALTI SULARI
Ereğli;ÇİMENCİK;BARAJ
Ereğli;GAYBİ;BARAJ
Ereğli;GÖKÇEYAZI;BARAJ
Ereğli;GÖKTÖME;BARAJ
Ereğli;HACIMEMİŞ;BARAJ
Ereğli;KAMIŞLIKUYU;BARAJ
Ereğli;KARABURUN;BARAJ
Ereğli;KARGACI;BARAJ, YERALTI SULARI
Ereğli;KIZILGEDİK;YOK
Ereğli;KUSKUNCUK;BARAJ
Ereğli;KUTÖREN;ŞAHSİ KUYULAR
Ereğli;KUZUKUYU;ŞAHSİ KUYULAR, YERALTI SULARI, KOOPERATİF KUYULARI
Ereğli;MELİCEK;BARAJ, YERALTI SULARI
Ereğli;ORHANİYE;BARAJ
Ereğli;ÖZGÜRLER;BARAJ
Ereğli;PINARÖZÜ;YERALTI SULARI
Ereğli;SARICA;BARAJ
Ereğli;SARITOPALLI;YERALTI SULARI
Ereğli;SELVİLİ;ŞAHSİ KUYULAR
Ereğli;TAŞAĞIL;ŞAHSİ KUYULAR, BARAJ
Ereğli;TAŞBUDAK;ŞAHSİ KUYULAR, YERALTI SULARI
Ereğli;TATLIKUYU;ŞAHSİ KUYULAR, YERALTI SULARI
Ereğli;TÜRKMEN;BARAJ
Ereğli;ULUMEŞE;BARAJ, DERE
Ereğli;YAZLIK;ŞAHSİ KUYULAR, BARAJ
Ereğli;YELLİCE;KANAL
Ereğli;YENİKÖY;ŞAHSİ KUYULAR
Ereğli;YILDIZLI;BARAJ
Ereğli;YUKARIGÖNDELEN;ŞAHSİ KUYULAR, BARAJ, YERALTI SULARI
Ereğli;HORTU;ŞAHSİ KUYULAR, YERALTI SULARI
Ereğli;ACIKUYU;ŞAHSİ KUYULAR, BARAJ, YERALTI SULARI
Güneysınır;GÜRAĞAÇ;YOK
Güneysınır;AĞAÇOBA;KOOPERATİF KUYULARI
Güneysınır;ALANÖZÜ;ŞAHSİ KUYULAR
Güneysınır;AVCITEPE;ŞAHSİ KUYULAR
Güneysınır;AYDOĞMUŞ;YOK
Güneysınır;HABİLLER;BARAJ
Güneysınır;KARAGÜNEY;YERALTI SULARI
Güneysınır;KAYAAĞZI;DERE, YERALTI SULARI
Güneysınır;KIZILÖZ;ŞAHSİ KUYULAR
Güneysınır;KURUKAVAK;ŞAHSİ KUYULAR
Güneysınır;MEHMET ALİ;GÖLET
Güneysınır;ÖMEROĞLU;ŞAHSİ KUYULAR
Güneysınır;ÖRENBOYALI;YERALTI SULARI
Güneysınır;SARIHACI;BARAJ
Hadim;AŞAĞIEŞENLER;BARAJ
Hadim;AŞAĞIKIZILKAYA;YERALTI SULARI
Hadim;BADEMLİ;BARAJ, DERE
Hadim;BAĞBAŞI;YERALTI SULARI
Hadim;BEYRELİ;DERE, YERALTI SULARI
Hadim;BOLAT;ŞAHSİ KUYULAR, GÖLET, YERALTI SULARI
Hadim;ÇİFTEPINAR;AKARSU
Hadim;DEDEMLİ;ŞAHSİ KUYULAR
Hadim;DÜLGERLER;ŞAHSİ KUYULAR
Hadim;FAKILAR;ŞAHSİ KUYULAR
Hadim;GAZİLER;AKARSU, YERALTI SULARI
Hadim;GÖYNÜKKIŞLA;ŞAHSİ KUYULAR, KOOPERATİF KUYULARI
Hadim;GÜLPINAR;GÖLET
Hadim;İĞDEÖREN;YOK
Hadim;KALINAĞIL;YERALTI SULARI
Hadim;KAPLANLI;YERALTI SULARI
Hadim;GEZLEVİ;DERE
Hadim;KÜPLÜCE;ŞAHSİ KUYULAR, YERALTI SULARI
Hadim;ODUNCU;AKARSU, YERALTI SULARI
Hadim;SARNIÇ;YERALTI SULARI
Hadim;SELAHATTİN;GÖLET
Hadim;UMURLAR;ŞAHSİ KUYULAR
Hadim;YAĞCI;AKARSU, KOOPERATİF KUYULARI
Hadim;YALINÇEVRE;ŞAHSİ KUYULAR
Hadim;YELMEZ;GÖLET
Hadim;YENİKONAK;ŞAHSİ KUYULAR
Hadim;YUKARIEŞENLER;BARAJ
Halkapınar;İVRİZ;AKARSU
Halkapınar;BÜYÜKDOĞAN;YERALTI SULARI
Halkapınar;DEDELİ;YERALTI SULARI
Halkapınar;DELİMAHMUTLU;AKARSU
Halkapınar;ESKİHİSAR;KOOPERATİF KUYULARI
Halkapınar;KARAYUSUFLU;ŞAHSİ KUYULAR
Halkapınar;KAYASARAY;YERALTI SULARI, KOOPERATİF KUYULARI
Halkapınar;KÖRLÜ;YERALTI SULARI
Halkapınar;KÜSERE;ÇAY
Halkapınar;OSMANKÖSELİ;AKARSU
Halkapınar;SEYDİFAKILI;YERALTI SULARI
Halkapınar;YASSIKAYA;YERALTI SULARI
Halkapınar;YAYIKLI;YERALTI SULARI
Halkapınar;YEŞİLYURT;YERALTI SULARI
Halkapınar;ÇAKILLAR;ŞAHSİ KUYULAR
Hüyük;BAŞLAMIŞ;GÖLET
Hüyük;BUDAK;GÖL
Hüyük;BURUNSUZ;GÖLET
Hüyük;ÇAMLICA;YERALTI SULARI
Hüyük;ÇAVUŞ;GÖLET
Hüyük;ÇUKURKENT;GÖLET
Hüyük;DEĞİRMENALTI;GÖLET
Hüyük;GÖÇERİ;BARAJ
Hüyük;GÖRÜNMEZ;ŞAHSİ KUYULAR
Hüyük;İLMEN;GÖLET
Hüyük;İMRENLER;GÖLET
Hüyük;KIRELİ;GÖL
Hüyük;KÖŞK;GÖLET
Hüyük;MUTLU;BARAJ, GÖLET
Hüyük;PINARBAŞI;GÖLET
Hüyük;SELKİ;GÖL
Hüyük;SULUDERE;GÖLET
Hüyük;TOLCA;YERALTI SULARI
Hüyük;YENİCE;GÖL, KANAL
Ilgın;ARGITHANI;ŞAHSİ KUYULAR
Ilgın;BEYKONAK;ŞAHSİ KUYULAR, GÖL
Ilgın;ÇAVUŞÇUGÖL;GÖL
Ilgın;AĞALAR;ŞAHSİ KUYULAR
Ilgın;BALKI;YERALTI SULARI
Ilgın;BARAKMUSLU;YOK
Ilgın;BELEKLER;DERE
Ilgın;BOĞAZKENT;KOOPERATİF KUYULARI
Ilgın;BULCUK;GÖLET
Ilgın;BÜYÜKOBA;ŞAHSİ KUYULAR
Ilgın;ÇİĞİL;GÖLET
Ilgın;ÇATAK;YOK
Ilgın;ÇOBANKAYA;YOK
Ilgın;ÇÖMLEKCİ;YOK
Ilgın;DEREKÖY;AKARSU
Ilgın;DIĞRAK;YOK
Ilgın;DÜĞER;ŞAHSİ KUYULAR
Ilgın;ELDEŞ;GÖL
Ilgın;GEÇİT;ŞAHSİ KUYULAR
Ilgın;GEDİKÖREN;ÇAY
Ilgın;GÖSTERE;YERALTI SULARI
Ilgın;GÖKÇEYURT;ŞAHSİ KUYULAR
Ilgın;GÖLYAKA;ŞAHSİ KUYULAR
Ilgın;GÖKBUDAK;AKARSU
Ilgın;GÜNEYPINAR;DERE
Ilgın;HARMANYAZI;YERALTI SULARI
Ilgın;İHSANİYE;GÖL
Ilgın;KAPAKLI;ŞAHSİ KUYULAR
Ilgın;KARAKÖY;GÖL
Ilgın;KALEKÖY;ŞAHSİ KUYULAR
Ilgın;MAHMUTHİSAR;GÖLET
Ilgın;MECİDİYE;GÖLET
Ilgın;MİSAFİRLİ;ŞAHSİ KUYULAR, YERALTI SULARI
Ilgın;OLUKPINAR;KOOPERATİF KUYULARI
Ilgın;ORHANİYE;YERALTI SULARI
Ilgın;ORMANÖZÜ;AKARSU
Ilgın;SADIKKÖY;GÖL
Ilgın;SEBİLLER;YERALTI SULARI
Ilgın;TEKELER;YOK
Ilgın;YUKARIÇİĞİL;GÖLET
Ilgın;YORAZLAR;ŞAHSİ KUYULAR
Ilgın;ZAFERİYE;BARAJ, GÖL
Ilgın;AVDAN;ŞAHSİ KUYULAR
Kadınhanı;OSMANCIK;GÖLET
Kadınhanı;AFŞARLI;ŞAHSİ KUYULAR
Kadınhanı;ALABAĞ;ŞAHSİ KUYULAR
Kadınhanı;ATLANTI;ŞAHSİ KUYULAR
Kadınhanı;BAKIRPINAR;ŞAHSİ KUYULAR
Kadınhanı;BAŞKUYU;YERALTI SULARI
Kadınhanı;BAYRAMLI;YERALTI SULARI
Kadınhanı;BEYKAVAĞI;GÖLET
Kadınhanı;BULGURPINAR;KANAL
Kadınhanı;ÇAVDAR;GÖL
Kadınhanı;ÇEŞMECİK;YOK
Kadınhanı;ÇUBUK;YOK
Kadınhanı;DEMİROLUK;GÖLET
Kadınhanı;HACIMEHMETLİ;ŞAHSİ KUYULAR
Kadınhanı;HACIOFLAZLAR;YERALTI SULARI
Kadınhanı;HACIPİRLİ;ŞAHSİ KUYULAR
Kadınhanı;KABACALI;YOK
Kadınhanı;KAMIŞLIÖZÜ;KOOPERATİF KUYULARI
Kadınhanı;KARAHİSARLI;ŞAHSİ KUYULAR
Kadınhanı;KARAKURTLU;YERALTI SULARI
Kadınhanı;KARASEVİNÇ;YOK
Kadınhanı;KARAYÜRÜKLÜ;ŞAHSİ KUYULAR
Kadınhanı;KIZILKUYU;ŞAHSİ KUYULAR
Kadınhanı;KOLUKISA;YERALTI SULARI
Kadınhanı;KONURÖREN;ŞAHSİ KUYULAR
Kadınhanı;KÖKEZ;ŞAHSİ KUYULAR
Kadınhanı;KÖYLÜTOLU;ŞAHSİ KUYULAR
Kadınhanı;KURTHASANLI;ŞAHSİ KUYULAR
Kadınhanı;KÜÇÜKKUYU;YERALTI SULARI
Kadınhanı;MAHMUDİYE;GÖL
Kadınhanı;MEYDANLI;YERALTI SULARI
Kadınhanı;ÖRNEK;ŞAHSİ KUYULAR
Kadınhanı;PİRALİ;YOK
Kadınhanı;PUSAT;GÖL
Kadınhanı;SAÇIKARA;YERALTI SULARI
Kadınhanı;SARIKAYA;YOK
Kadınhanı;SÖĞÜTÖZÜ;ŞAHSİ KUYULAR
Kadınhanı;ŞAHÖREN;GÖLET
Kadınhanı;TOSUNOĞLU;ŞAHSİ KUYULAR
Kadınhanı;YAĞLICA;YOK
Kadınhanı;YAYLAYAKA;ŞAHSİ KUYULAR
Karapınar;HOTAMIŞ;YERALTI SULARI
Karapınar;KESMEZ;YERALTI SULARI
Karapınar;AKÇAYAZI;YERALTI SULARI
Karapınar;AKÖREN;YERALTI SULARI
Karapınar;ÇİĞİL;YERALTI SULARI
Karapınar;HASANOBA;YERALTI SULARI
Karapınar;İSLİK;YERALTI SULARI
Karapınar;KARAKIŞLA;YERALTI SULARI
Karapınar;KAYACIK;YERALTI SULARI
Karapınar;KAYALI;ŞAHSİ KUYULAR
Karapınar;KAZANHÜYÜĞÜ;ŞAHSİ KUYULAR, KOOPERATİF KUYULARI
Karapınar;KÜÇÜKAŞLAMA;ŞAHSİ KUYULAR, YERALTI SULARI
Karapınar;ORTAOBA;ŞAHSİ KUYULAR, KOOPERATİF KUYULARI
Karapınar;OYMALI;KOOPERATİF KUYULARI
Karapınar;SAZLIPINAR;ŞAHSİ KUYULAR
Karapınar;YAĞMAPINAR;ŞAHSİ KUYULAR, KOOPERATİF KUYULARI
Karapınar;YENİKUYU;KOOPERATİF KUYULARI
Karapınar;YEŞİLYURT;ŞAHSİ KUYULAR
Karatay;YARMA;BARAJ
Karatay;ACIDORT;KANAL, YERALTI SULARI
Karatay;AĞSAKLI;ŞAHSİ KUYULAR
Karatay;AKBAŞ;ŞAHSİ KUYULAR
Karatay;AKÖRENKIŞLA;YERALTI SULARI
Karatay;BAKIRTOLU;BARAJ, GÖLET, YERALTI SULARI
Karatay;BAŞGÖTÜREN;ŞAHSİ KUYULAR, KOOPERATİF KUYULARI
Karatay;BEŞAĞIL;YERALTI SULARI
Karatay;BÜYÜKBURNAK;ŞAHSİ KUYULAR
Karatay;ÇENGİLTİ;ŞAHSİ KUYULAR, KANAL
Karatay;DİVANLAR;YOK
Karatay;ESENTEPE;ŞAHSİ KUYULAR
Karatay;GÖÇÜ;BARAJ
Karatay;HAYIROĞLU MERKEZ;ŞAHSİ KUYULAR
Karatay;İPEKLER;YERALTI SULARI
Karatay;İSMİL;BARAJ
Karatay;KARADONA;ŞAHSİ KUYULAR, YERALTI SULARI
Karatay;KARAKAYA;YOK
Karatay;KATRANCI;ŞAHSİ KUYULAR
Karatay;KIZÖREN;KOOPERATİF KUYULARI
Karatay;KÖSEALİ;ŞAHSİ KUYULAR
Karatay;OBRUK;YERALTI SULARI
Karatay;OVAKAVAĞI;ŞAHSİ KUYULAR
Karatay;SAKYATAN;KANAL
Karatay;SÜRÜÇ;YERALTI SULARI
Karatay;ŞATIR;KOOPERATİF KUYULARI
Karatay;YAĞLIBAYAT;ŞAHSİ KUYULAR
Karatay;YAVŞANKUYU;ŞAHSİ KUYULAR
Karatay;YENİCE;YERALTI SULARI
Karatay;YENİKENT;ŞAHSİ KUYULAR
Karatay;ZİNCİRLİ;ŞAHSİ KUYULAR
Kulu;ACIKUYU;ŞAHSİ KUYULAR
Kulu;AĞILBAŞI;ŞAHSİ KUYULAR
Kulu;ALTILAR;AKARSU
Kulu;ARŞINCA;ŞAHSİ KUYULAR
Kulu;BEŞKARDEŞ;YOK
Kulu;BOĞAZÖREN;YOK
Kulu;BOZAN;ŞAHSİ KUYULAR
Kulu;BURUNAĞIL;ŞAHSİ KUYULAR
Kulu;CANIMANA;YERALTI SULARI
Kulu;CELEP;ŞAHSİ KUYULAR
Kulu;DİPDEDE;YOK
Kulu;DOĞUTEPE;ŞAHSİ KUYULAR
Kulu;FEVZİYE;ŞAHSİ KUYULAR
Kulu;GÖKLER;YOK
Kulu;GÜZELYAYLA;ŞAHSİ KUYULAR
Kulu;HİSAR;YOK
Kulu;KARACADAĞ;DERE
Kulu;KARACADERE;YOK
Kulu;KIRKKUYU;YOK
Kulu;KIRKPINAR;YOK
Kulu;KOZANLI;YERALTI SULARI, KOOPERATİF KUYULARI
Kulu;KÖMÜŞİNİ;YOK
Kulu;KÖŞKER;YOK
Kulu;SARIYAYLA;KOOPERATİF KUYULARI
Kulu;SEYİTAHMETLİ;DERE, YERALTI SULARI
Kulu;SOĞUKKUYU;ŞAHSİ KUYULAR
Kulu;ŞEREFLİ;ŞAHSİ KUYULAR
Kulu;TAVLIÖREN;ŞAHSİ KUYULAR
Kulu;ÖMERANLI;ŞAHSİ KUYULAR
Kulu;TUZYAKA;ŞAHSİ KUYULAR
Kulu;YARAŞLI;YOK
Kulu;YAZIÇAYIR;YOK
Kulu;YEŞİLTEPE;ŞAHSİ KUYULAR
Kulu;YEŞİLYURT;ŞAHSİ KUYULAR
Kulu;ZİNCİRLİKUYU;YERALTI SULARI
Kulu;BAHADIRLI;ŞAHSİ KUYULAR
Kulu;DEĞİRMENÖZÜ;ŞAHSİ KUYULAR
Meram;ERENKAYA;YOK
Meram;YATAĞAN;ŞAHSİ KUYULAR
Meram;GÖKYURT;ŞAHSİ KUYULAR, AKARSU
Meram;BAYAT;ŞAHSİ KUYULAR
Meram;BORUKTOLU;YERALTI SULARI
Meram;BOTSA;GÖLET
Meram;ÇAYIRBAĞI;KOOPERATİF KUYULARI
Meram;ÇOMAKLAR;DERE, YERALTI SULARI
Meram;ÇUKURÇİMEN;KOOPERATİF KUYULARI
Meram;EVLİYATEKKE;GÖLET
Meram;HATUNSARAY;ŞAHSİ KUYULAR, GÖLET
Meram;İKİPINAR;DERE, YERALTI SULARI
Meram;İLYASBABA;DERE
Meram;İNLİCE;GÖLET
Meram;KARAAĞAÇ;YOK
Meram;KAVAK;YERALTI SULARI
Meram;KAYADİBİ;ŞAHSİ KUYULAR
Meram;KAYALI;ÇAY
Meram;KAYHÜYÜK;YERALTI SULARI
Meram;KIZILÖREN;KOOPERATİF KUYULARI
Meram;KUMRALI;YERALTI SULARI
Meram;SADIKLAR;ŞAHSİ KUYULAR, AKARSU
Meram;SAĞLIK;YERALTI SULARI
Meram;SARIKIZ;YOK
Meram;SEFAKÖY;BARAJ
Meram;YEŞİLDERE;YERALTI SULARI
Meram;YEŞİLTEKKE;YERALTI SULARI
Meram;KAŞINHANI;ŞAHSİ KUYULAR
Sarayönü;LADİK;GÖLET
Sarayönü;BAHÇESARAY;ŞAHSİ KUYULAR, KOOPERATİF KUYULARI
Sarayönü;BAŞHÜYÜK;ŞAHSİ KUYULAR
Sarayönü;BOYALI;ŞAHSİ KUYULAR
Sarayönü;BÜYÜKZENGİ;ÇAY
Sarayönü;ÇEŞMELİSEBİL;YERALTI SULARI
Sarayönü;DEĞİRMENLİ;ŞAHSİ KUYULAR, YERALTI SULARI
Sarayönü;ERTUĞRUL;GÖLET
Sarayönü;GÖZLÜ;ŞAHSİ KUYULAR, YERALTI SULARI
Sarayönü;KADIOĞLU;ŞAHSİ KUYULAR
Sarayönü;KARABIYIK;YOK
Sarayönü;KARATEPE;ŞAHSİ KUYULAR
Sarayönü;KAYIÖREN;ŞAHSİ KUYULAR
Sarayönü;KONAR;ŞAHSİ KUYULAR
Sarayönü;KURŞUNLU;YOK
Sarayönü;KUYULUSEBİL;ŞAHSİ KUYULAR
Sarayönü;ÖZKENT;YERALTI SULARI
Sarayönü;YENİCEKAYA;ŞAHSİ KUYULAR
Selçuklu;BAŞARAKAVAK;AKARSU
Selçuklu;hasan;
Selçuklu;SARAYKÖY;YOK
Selçuklu;SULUTAS;YOK
Selçuklu;TATKÖY;YOK
Selçuklu;AKPINAR;ŞAHSİ KUYULAR
Selçuklu;BAĞRIKURT;YOK
Selçuklu;BİÇER;ŞAHSİ KUYULAR
Selçuklu;ÇALDERE;ŞAHSİ KUYULAR, KOOPERATİF KUYULARI
Selçuklu;ÇALTI;ŞAHSİ KUYULAR
Selçuklu;ÇANDIR;YOK
Selçuklu;DAĞDERE;ŞAHSİ KUYULAR
Selçuklu;EĞRİBAYAT;ŞAHSİ KUYULAR
Selçuklu;GÜVENÇ;ŞAHSİ KUYULAR
Selçuklu;KALE;ŞAHSİ KUYULAR, YERALTI SULARI
Selçuklu;KARAÖMERLER;ŞAHSİ KUYULAR
Selçuklu;KERVAN;YOK
Selçuklu;KINIK;ŞAHSİ KUYULAR
Selçuklu;KIZILCAKUYU;YOK
Selçuklu;MEYDAN;YOK
Selçuklu;SELAHATTİN;AKARSU
Selçuklu;SIZMA;ŞAHSİ KUYULAR
Selçuklu;TEPEKENT;AKARSU
Selçuklu;ULUMUHSİNE;ÇAY, GÖL
Selçuklu;YAZIBELEN;ŞAHSİ KUYULAR
Selçuklu;SİLLE;BARAJ
Selçuklu;ARDIÇLI;GÖLET
Selçuklu;AŞAĞIPINARBAŞI;YERALTI SULARI
Selçuklu;YUKARIPINARBAŞI;YERALTI SULARI
Selçuklu;KÜÇÜKMUHSİNE;BARAJ
Selçuklu;SARICALAR;YERALTI SULARI
Selçuklu;TÖMEK;ŞAHSİ KUYULAR
Selçuklu;YÜKSELEN;KOOPERATİF KUYULARI
Selçuklu;Mehmet Fatih;
Seydişehir;KESECİK;GÖL, YERALTI SULARI
Seydişehir;AKÇALAR;ŞAHSİ KUYULAR
Seydişehir;AŞAĞIKARAÖREN;GÖL
Seydişehir;BAŞKARAÖREN;GÖL
Seydişehir;BOSTANDERE;GÖLET
Seydişehir;BOYALI;ŞAHSİ KUYULAR, KOOPERATİF KUYULARI
Seydişehir;BÜKÇE;DERE, YERALTI SULARI
Seydişehir;ÇAT;DERE
Seydişehir;ÇATMAKAYA;ŞAHSİ KUYULAR
Seydişehir;ÇAVUŞ;ŞAHSİ KUYULAR, YERALTI SULARI
Seydişehir;DİKİLİTAŞ;GÖLET
Seydişehir;GEVREKLİ;GÖL
Seydişehir;GÖKÇEHÜYÜK;GÖLET
Seydişehir;GÖKHÜYÜK;KANAL
Seydişehir;GÖLYÜZÜ;GÖL
Seydişehir;IRMAKLI;ÇAY
Seydişehir;İNCESU;GÖL
Seydişehir;KARABULAK;GÖL
Seydişehir;KARACAÖREN;DERE
Seydişehir;KAVAK;ŞAHSİ KUYULAR
Seydişehir;KETENLİ;ŞAHSİ KUYULAR
Seydişehir;KIZILCA;GÖLET, YERALTI SULARI
Seydişehir;KOZLU;GÖLET
Seydişehir;KUMLUCA;KANAL
Seydişehir;KURAN;GÖL
Seydişehir;MADENLİ;YOK
Seydişehir;MESUDİYE;GÖLET
Seydişehir;MURADİYE;GÖL
Seydişehir;OĞLAKÇI;KOOPERATİF KUYULARI
Seydişehir;ORTAKARAÖREN;GÖL
Seydişehir;SARAYCIK;ŞAHSİ KUYULAR
Seydişehir;SUSUZ;GÖL
Seydişehir;TARAŞÇI;GÖLET
Seydişehir;TAŞAĞIL;GÖL
Seydişehir;TEPECİK;YOK
Seydişehir;TOL;YERALTI SULARI, KOOPERATİF KUYULARI
Seydişehir;UFACIK;YOK
Seydişehir;YAYLACIK;GÖLET, YERALTI SULARI
Seydişehir;YENİCE;YERALTI SULARI
Taşkent;AFŞAR;ŞAHSİ KUYULAR
Taşkent;BALCILAR;YERALTI SULARI
Taşkent;BOLAY;YERALTI SULARI
Taşkent;ÇETMİ;ÇAY, DERE
Taşkent;KECİMEN;YERALTI SULARI
Taşkent;KONGUL;YERALTI SULARI
Taşkent;SAZAK;DERE
Taşkent;ILICAPINAR;AKARSU
Tuzlukçu;KONARI;YOK
Tuzlukçu;MEVLÜTLÜ;YOK
Tuzlukçu;KORAŞI;YOK
Tuzlukçu;ÇÖĞÜRLÜ;ŞAHSİ KUYULAR
Tuzlukçu;TURSUNLU;ŞAHSİ KUYULAR
Tuzlukçu;KUNDULLU;ÇAY
Tuzlukçu;PAZARKAYA;YOK
Tuzlukçu;SUBATAN;ŞAHSİ KUYULAR
Tuzlukçu;GÜRSU;ŞAHSİ KUYULAR
Tuzlukçu;ERDOĞDU;ŞAHSİ KUYULAR
Tuzlukçu;KÖKLÜCE;DERE, YERALTI SULARI
Yalıhüyük;SARAY;YOK
Yalıhüyük;ARASÖĞÜT;YOK
Yunak;KUZÖREN;ŞAHSİ KUYULAR, KOOPERATİF KUYULARI
Yunak;KOÇYAZI;ŞAHSİ KUYULAR
Yunak;TURGUT;ŞAHSİ KUYULAR
Yunak;PİRİBEYLİ;YOK
Yunak;SÜLÜKLÜ;ŞAHSİ KUYULAR
Yunak;ALTINÖZ;ŞAHSİ KUYULAR
Yunak;AYRITEPE;YOK
Yunak;BEŞIŞIKLI;ŞAHSİ KUYULAR
Yunak;CEBRAİL;YOK
Yunak;ÇAYIRBAŞI;ŞAHSİ KUYULAR, YERALTI SULARI
Yunak;EĞRİKUYU;ŞAHSİ KUYULAR
Yunak;HACIÖMEROĞLU;DERE
Yunak;HATIRLI;ŞAHSİ KUYULAR
Yunak;HACIFAKILI;ŞAHSİ KUYULAR
Yunak;HARUNLAR;YOK
Yunak;HURSUNLU;YERALTI SULARI
Yunak;İMAMOĞLU;YERALTI SULARI
Yunak;KARGALI;YOK
Yunak;KARAYAYLA;YERALTI SULARI
Yunak;KILLAR;ŞAHSİ KUYULAR, KOOPERATİF KUYULARI
Yunak;KURTUŞAĞI;YOK
Yunak;KUYUBAŞI;YERALTI SULARI
Yunak;MEŞELİK;YOK
Yunak;ODABAŞI;ŞAHSİ KUYULAR, GÖLET
Yunak;ORTAKIŞLA;ŞAHSİ KUYULAR, DERE
Yunak;ÖZYAYLA;DERE
Yunak;SERTLER;ŞAHSİ KUYULAR
Yunak;SEVİNÇ;YOK
Yunak;SIRAM;YOK
Yunak;SİNANLI;ŞAHSİ KUYULAR
Yunak;YAVAŞLI;ŞAHSİ KUYULAR
Yunak;YEŞİLOBA;ŞAHSİ KUYULAR
Yunak;YEŞİLYAYLA;YERALTI SULARI
Yunak;YIĞAR;ŞAHSİ KUYULAR, YERALTI SULARI
Yunak;SARAY;ŞAHSİ KUYULAR, YERALTI SULARI
;;
